시도명,시군구명,상호명,소재지도로명주소,업종,흡연실구분,흡연시설형태,데이터기준일자,위도,경도
서울특별시,마포구,3POP 빈티지 PC CAFE,서울특별시 마포구 월드컵북로30길 13,게임제공업소,실내,밀폐형,44669.0,37.568594632553,126.908363510664
서울특별시,마포구,이룸PC,서울특별시 마포구 마포대로 38,게임제공업소,실내,밀폐형,44669.0,37.5394269912438,126.946661496906
서울특별시,마포구,제노PC방(홍대2),서울특별시 마포구 와우산로 83,게임제공업소,실내,밀폐형,44669.0,37.5519386393006,126.923292096625
서울특별시,마포구,I PC CAFE 홍대역점,서울특별시 마포구 양화로 156,게임제공업소,실내,밀폐형,44669.0,37.5561130617043,126.923446601456
서울특별시,마포구,긱스타 PC CAFE,서울특별시 마포구 월드컵로1길 14,게임제공업소,실내,밀폐형,44669.0,37.5500497954747,126.912061257921
서울특별시,마포구,샘PC방,서울특별시 마포구 연희로 39,게임제공업소,실내,밀폐형,44669.0,37.5623999133101,126.927239750975
서울특별시,마포구,탑플레이스 PC,서울특별시 마포구 월드컵북로16길 27,게임제공업소,실내,밀폐형,44669.0,37.5631601697951,126.915844451516
서울특별시,마포구,오투 피시방,서울특별시 마포구 망원로 24,게임제공업소,실내,밀폐형,44669.0,37.5561118914478,126.899636081982
서울특별시,마포구,마나 피씨존,서울특별시 마포구 성미산로 4,게임제공업소,실내,밀폐형,44669.0,37.5580026790754,126.908915998997
서울특별시,마포구,토끼와거북이 PC CAFE,서울특별시 마포구 서강대길 12,게임제공업소,실내,밀폐형,44669.0,37.5492498698758,126.9399176204
서울특별시,마포구,넥스트 PC 서강대점,서울특별시 마포구 서강로16길 69,게임제공업소,실내,밀폐형,44669.0,37.5514167009969,126.93718651337
서울특별시,마포구,서강PC,서울특별시 마포구 백범로 28,게임제공업소,실내,밀폐형,44669.0,37.5520644056727,126.936974571542
서울특별시,마포구,포포PC방 공덕점,서울특별시 마포구 도화길 43,게임제공업소,실내,밀폐형,44669.0,37.5417888185389,126.950254336175
서울특별시,마포구,득템PC,서울특별시 마포구 마포대로11길 17,게임제공업소,실내,밀폐형,44669.0,37.5487653674678,126.953174177864
서울특별시,마포구,피시공간,서울특별시 마포구 월드컵로14길 5,게임제공업소,실내,밀폐형,44669.0,37.5560051813747,126.910702168336
서울특별시,마포구,G.M(게임매니아) PC CLUB,서울특별시 마포구 월드컵북로7길 11,게임제공업소,실내,밀폐형,44669.0,37.5580770104634,126.91723693013
서울특별시,마포구,인투스 피씨방,서울특별시 마포구 월드컵로 164,게임제공업소,실내,밀폐형,44669.0,37.5622992935812,126.90495579097
서울특별시,마포구,라인업PC방,서울특별시 마포구 어울마당로 26,게임제공업소,실내,밀폐형,44669.0,37.5474999833621,126.919932359364
서울특별시,마포구,제노피시방(동교점),서울특별시 마포구 동교로27길 12,게임제공업소,실내,밀폐형,44669.0,37.5588764092034,126.922876410496
서울특별시,마포구,홍PC방,서울특별시 마포구 마포대로 189,게임제공업소,실내,밀폐형,44669.0,37.5510977470164,126.955173280926
서울특별시,마포구,아름다운세상 허클배리핀,서울특별시 마포구 마포대로 208,게임제공업소,실내,밀폐형,44669.0,37.5525134791017,126.956849369965
서울특별시,마포구,3POP PC방(상수점),서울특별시 마포구 와우산로 47,게임제공업소,실내,밀폐형,44669.0,37.5487442960797,126.922824724481
서울특별시,마포구,쓰리팝 PC CAFE,서울특별시 마포구 양화로3길 6,게임제공업소,실내,밀폐형,44669.0,37.5492247904677,126.911871998628
서울특별시,마포구,와바넷1호점,서울특별시 마포구 어울마당로 33,게임제공업소,실내,밀폐형,44669.0,37.548224140326,126.919968362569
서울특별시,마포구,월드피시클럽,서울특별시 마포구 대흥로 194,게임제공업소,실내,밀폐형,44669.0,37.5562334415607,126.946135028746
서울특별시,마포구,로드피씨,서울특별시 마포구 토정로 280,게임제공업소,실내,밀폐형,44669.0,37.541756610113,126.940607981166
서울특별시,마포구,3POP PC,서울특별시 마포구 토정로31길 12,게임제공업소,실내,밀폐형,44669.0,37.5414563297508,126.942474099012
서울특별시,마포구,아프리카티비 PC방,서울특별시 마포구 와우산로 79,게임제공업소,실내,밀폐형,44669.0,37.5515405739665,126.923146744951
서울특별시,마포구,독수리 PC방,서울특별시 마포구 와우산로 81,게임제공업소,실내,밀폐형,44669.0,37.5517512618431,126.923199830619
서울특별시,마포구,유니넷PC존 홍대점,서울특별시 마포구 와우산로21길 19-8,게임제공업소,실내,밀폐형,44669.0,37.552079973082,126.922689217725
서울특별시,마포구,인터라켄 PC방,서울특별시 마포구 독막로 147-6,게임제공업소,실내,밀폐형,44669.0,37.5478319449511,126.93020856858
서울특별시,마포구,아레나PC,서울특별시 마포구 독막로 147-7,게임제공업소,실내,밀폐형,44669.0,37.5480918690059,126.93003258532
서울특별시,마포구,옥스 PC방(OX PC방),서울특별시 마포구 월드컵북로 328,게임제공업소,실내,밀폐형,44669.0,37.5757572395919,126.895729992644
서울특별시,마포구,3POP쓰리팝 상암점,서울특별시 마포구 월드컵북로44길 25,게임제공업소,실내,밀폐형,44669.0,37.5761158343602,126.895831037144
서울특별시,마포구,텐PC CAFE,서울특별시 마포구 월드컵북로56길 9,게임제공업소,실내,밀폐형,44669.0,37.581384890718,126.887439627184
서울특별시,마포구,3POP PC방(마포구청역점),서울특별시 마포구 월드컵로 155,게임제공업소,실내,밀폐형,44669.0,37.561381158832,126.904931604469
서울특별시,마포구,라이또 PC 홍대점,서울특별시 마포구 양화로16길 15,게임제공업소,실내,밀폐형,44669.0,37.5533988448088,126.92063868193
서울특별시,마포구,(주)히트브이알,서울특별시 마포구 양화로 141,게임제공업소,실외,완전폐쇄형,44669.0,37.5557534793508,126.921669461673
서울특별시,마포구,Funny Land(퍼니랜드),서울특별시 마포구 어울마당로 46-1,게임제공업소,실외,완전폐쇄형,44669.0,37.5491744991188,126.921017506953
서울특별시,마포구,짱오락실 상암월드컵점,서울특별시 마포구 월드컵로 240,게임제공업소,실외,완전폐쇄형,44669.0,37.5682884450841,126.897273034482
서울특별시,마포구,GEEKSTAR PC CAFE,서울특별시 마포구 와우산로 155,게임제공업소,실내,밀폐형,44669.0,37.5548638155738,126.929956540282
서울특별시,마포구,3POP PC방,서울특별시 마포구 신촌로16길 34,게임제공업소,실내,밀폐형,44669.0,37.5542442980497,126.934200146698
서울특별시,마포구,피씨앤쿡,서울특별시 마포구 방울내로 79,게임제공업소,실내,밀폐형,44669.0,37.5607183227441,126.904073853411
서울특별시,마포구,쓰리팝 PC CAFE,서울특별시 마포구 마포대로14길 21,게임제공업소,실내,밀폐형,44669.0,37.5484741843432,126.957016576777
서울특별시,마포구,이로운 셀프PC방 신촌본점,서울특별시 마포구 신촌로16길 24,게임제공업소,실내,밀폐형,44669.0,37.5546300195859,126.934370018403
서울특별시,마포구,VRIZ,서울특별시 마포구 양화로 148,게임제공업소,실내,밀폐형,44669.0,37.5556179021829,126.922661004229
서울특별시,마포구,긱스타 PC카페,서울특별시 마포구 매봉산로2길 15,게임제공업소,실내,밀폐형,44669.0,37.5785264982816,126.894977598231
서울특별시,마포구,3POP PC방,서울특별시 마포구 망원로 97,게임제공업소,실내,밀폐형,44669.0,37.5581064714844,126.907521980502
서울특별시,마포구,멀티플러스 홍대점,서울특별시 마포구 홍익로5길 13,게임제공업소,실내,밀폐형,44669.0,37.5541549567875,126.921574712791
서울특별시,마포구,근신빌딩 별관,서울특별시 마포구 삼개로 20,공장 및 복합건축물,실외,폐쇄형,44669.0,37.5385130841152,126.947212385391
서울특별시,마포구,CJ E&M CENTER,서울특별시 마포구 상암동 1606,공장 및 복합건축물,실외,폐쇄형,44669.0,37.5785253191692,126.891580447358
서울특별시,마포구,강변한신코아,서울특별시 마포구 마포대로4다길 18,공장 및 복합건축물,실외,완전개방형,44669.0,37.5363260961905,126.943911580183
서울특별시,마포구,마포T타운,서울특별시 마포구 서울시 마포구 마포대로 144,공장 및 복합건축물,실외,완전폐쇄형,44669.0,37.5470013514751,126.953756813538
서울특별시,마포구,진도빌딩,서울특별시 마포구 서울시 마포구 마포대로 44,공장 및 복합건축물,실외,완전개방형,44669.0,37.539973013511,126.947098319374
서울특별시,마포구,신용보증기금빌딩(프론트원빌딩),서울특별시 마포구 마포대로 122,공장 및 복합건축물,실외,완전개방형,44669.0,37.5453994411365,126.952560023969
서울특별시,마포구,메세나폴리스,서울특별시 마포구 양화로 45,공장 및 복합건축물,실외,완전개방형,44669.0,37.5515008030203,126.91395024016
서울특별시,마포구,마포한화오밸리스크,서울특별시 마포구 마포대로 33,공장 및 복합건축물,실외,완전개방형,44669.0,37.5399847863145,126.945447452979
서울특별시,마포구,창강빌딩,서울특별시 마포구 마포대로 86,공장 및 복합건축물,실외,폐쇄형,44669.0,37.542645085031,126.950579877064
서울특별시,마포구,효성빌딩,서울특별시 마포구 마포대로 119,공장 및 복합건축물,실외,개방형,44669.0,37.5456391995242,126.9516774619
서울특별시,마포구,기업은행 마포지점,서울특별시 마포구 마포대로 114,공장 및 복합건축물,실외,완전개방형,44669.0,37.5448076302479,126.952028220384
서울특별시,마포구,서부지청,서울특별시 마포구 마포대로 174,공장 및 복합건축물,실외,개방형,44669.0,37.5496525888642,126.955765657714
서울특별시,마포구,창업허브(별관),서울특별시 마포구 백범로31길 21,공장 및 복합건축물,실외,폐쇄형,44669.0,37.5474587622726,126.950577944061
서울특별시,마포구,KPX빌딩,서울특별시 마포구 마포대로 137,공장 및 복합건축물,실외,완전개방형,44669.0,37.5467933983647,126.952614023327
서울특별시,마포구,한겨례신문사,서울특별시 마포구 효창목길 6,공장 및 복합건축물,실외,폐쇄형,44669.0,37.5470228646857,126.95881179798
서울특별시,마포구,SUN장학빌딩,서울특별시 마포구 새창로 7,공장 및 복합건축물,실외,완전개방형,44669.0,37.5424795347233,126.950923973719
서울특별시,마포구,근신빌딩(본관),서울특별시 마포구 삼개로 16,공장 및 복합건축물,실외,완전개방형,44669.0,37.5392825670042,126.947276903557
서울특별시,마포구,삼보나눔빌딩,서울특별시 마포구 새창로 6,공장 및 복합건축물,실외,개방형,44669.0,37.5420365203339,126.950509218628
서울특별시,마포구,가든호텔,서울특별시 마포구 마포대로 58,공장 및 복합건축물,실외,폐쇄형,44669.0,37.5406839207239,126.948361035181
서울특별시,마포구,경찰공제회 자람빌딩,서울특별시 마포구 마포대로 78,공장 및 복합건축물,실외,개방형,44669.0,37.5418804277267,126.949775525654
서울특별시,마포구,에스플렉스센터,서울특별시 마포구 매봉산로 31,공장 및 복합건축물,실외,개방형,44669.0,37.5757269662412,126.889972593033
서울특별시,마포구,한국사회복지회관르네상스타워,서울특별시 마포구 만리재로 14,공장 및 복합건축물,실외,폐쇄형,44669.0,37.5439937223014,126.952835204955
서울특별시,마포구,이영빌딩,서울특별시 마포구 만리재옛길 32,공장 및 복합건축물,실외,완전개방형,44669.0,37.5468745245592,126.956208624851
서울특별시,마포구,롯데캐슬프레지던트오피스텔,서울특별시 마포구 마포대로 109,공장 및 복합건축물,실외,완전개방형,44669.0,37.5451188164137,126.950886259458
서울특별시,마포구,진영빌딩,서울특별시 마포구 토정로 192,공장 및 복합건축물,실외,완전개방형,44669.0,37.5452476858632,126.932194522958
서울특별시,마포구,거구장,서울특별시 마포구 백범로 23,공장 및 복합건축물,실외,완전개방형,44669.0,37.5524342152167,126.937558550565
서울특별시,마포구,청명빌딩,서울특별시 마포구 독막로 22,공장 및 복합건축물,실외,완전개방형,44669.0,37.5482366441113,126.915793674144
서울특별시,마포구,근신빌딩 (제2별관),서울특별시 마포구 삼개로 21,공장 및 복합건축물,실외,완전개방형,44669.0,37.5384150593184,126.947626122117
서울특별시,마포구,서경빌딩,서울특별시 마포구 잔다리로 58,공장 및 복합건축물,실외,개방형,44669.0,37.5531226071315,126.918013321988
서울특별시,마포구,합정오피스빌딩,서울특별시 마포구 양화로 19,공장 및 복합건축물,실외,완전개방형,44669.0,37.549138007207,126.911247663044
서울특별시,마포구,한국출판콘텐츠센터,서울특별시 마포구 토정로 222,공장 및 복합건축물,실외,폐쇄형,44669.0,37.5444976321635,126.935295585029
서울특별시,마포구,디지털큐브,서울특별시 마포구 상암산로 34,공장 및 복합건축물,실외,개방형,44669.0,37.5762102049855,126.889239900296
서울특별시,마포구,dmc첨단산업센터,서울특별시 마포구 성암로 330,공장 및 복합건축물,실외,폐쇄형,44669.0,37.5847261816729,126.885894950082
서울특별시,마포구,LG유플러스,서울특별시 마포구 월드컵북로 416,공장 및 복합건축물,실외,개방형,44669.0,37.5805267876515,126.88772655104
서울특별시,마포구,한샘사옥,서울특별시 마포구 성암로 179,공장 및 복합건축물,실외,개방형,44669.0,37.5761509117108,126.898763780833
서울특별시,마포구,제일빌딩,서울특별시 마포구 만리재로 15,공장 및 복합건축물,실외,완전개방형,44669.0,37.5445849310546,126.95276773044
서울특별시,마포구,서문빌딩,서울특별시 마포구 잔다리로32,공장 및 복합건축물,실외,개방형,44669.0,37.5515788223247,126.919828408783
서울특별시,마포구,삼영익스프레스,서울특별시 마포구 신수로 44,공장 및 복합건축물,실외,폐쇄형,44669.0,37.5455331634117,126.934502015773
서울특별시,마포구,화수목빌딩,서울특별시 마포구 창전로 70,공장 및 복합건축물,실외,완전개방형,44669.0,37.5485707137969,126.933079389392
서울특별시,마포구,수정불한증막,서울특별시 마포구 광성로 37,공장 및 복합건축물,실내,밀폐형,44669.0,37.5499517563894,126.937334291469
서울특별시,마포구,마포세무서,서울특별시 마포구 독막로 234,공장 및 복합건축물,실외,개방형,44669.0,37.5465224205062,126.939493649529
서울특별시,마포구,서강대기숙사,서울특별시 마포구 서강대길 18,공장 및 복합건축물,실외,개방형,44669.0,37.5491425790199,126.940130567646
서울특별시,마포구,서강대학교,서울특별시 마포구 백범로 35,공장 및 복합건축물,실외,완전개방형,44669.0,37.5514693075541,126.943024997981
서울특별시,마포구,재화스퀘어,서울특별시 마포구 독막로 311,공장 및 복합건축물,실내,밀폐형,44669.0,37.5439965080669,126.947481225372
서울특별시,마포구,참앤참,서울특별시 마포구 독막로 306,공장 및 복합건축물,실외,완전개방형,44669.0,37.5436374826024,126.946528142209
서울특별시,마포구,농협하나로유통,서울특별시 마포구 신촌로 66,공장 및 복합건축물,실외,폐쇄형,44669.0,37.5560664973453,126.933116598433
서울특별시,마포구,적암빌딩,서울특별시 마포구 신촌로 128,공장 및 복합건축물,실외,완전개방형,44669.0,37.5557422183902,126.93997159818
서울특별시,마포구,마포아트센터,서울특별시 마포구 대흥로20길 28,공장 및 복합건축물,실외,완전개방형,44669.0,37.5499060881738,126.945533810385
서울특별시,마포구,크로바빌딩,서울특별시 마포구 대흥로 94,공장 및 복합건축물,실외,개방형,44669.0,37.5481114561943,126.942445899879
서울특별시,마포구,카버글로벌1관,서울특별시 마포구 토정로31길 81,공장 및 복합건축물,실외,개방형,44669.0,37.5440271048023,126.944638270554
서울특별시,마포구,카버글로벌2관,서울특별시 마포구 독막로40길 6,공장 및 복합건축물,실외,완전개방형,44669.0,37.5449583027408,126.944096915471
서울특별시,마포구,드림빌딩,서울특별시 마포구 와우산로 148,공장 및 복합건축물,실외,완전개방형,44669.0,37.5541249044242,126.929648387272
서울특별시,마포구,로이코빌딩,서울특별시 마포구 토정로 112,공장 및 복합건축물,실외,개방형,44669.0,37.5447818656853,126.923767901071
서울특별시,마포구,서강팔경빌딩,서울특별시 마포구 토정로 128,공장 및 복합건축물,실외,완전개방형,44669.0,37.5449373002648,126.925338254952
서울특별시,마포구,유니골프장,서울특별시 마포구 토정로 77,공장 및 복합건축물,실외,완전개방형,44669.0,37.5456456185584,126.919374434406
서울특별시,마포구,건양사빌딩,서울특별시 마포구 토정로 144,공장 및 복합건축물,실외,완전개방형,44669.0,37.5453696544102,126.92686557124
서울특별시,마포구,서울패션학교,서울특별시 마포구 독막로20길 37,공장 및 복합건축물,실외,완전개방형,44669.0,37.5471811919117,126.927578977936
서울특별시,마포구,한주빌딩,서울특별시 마포구 독막로 76-1,공장 및 복합건축물,실외,완전개방형,44669.0,37.5475614039574,126.921909336617
서울특별시,마포구,㈜엠뷰티,서울특별시 마포구 월드컵로3길 76,공장 및 복합건축물,실내,밀폐형,44669.0,37.5494895860213,126.908660536284
서울특별시,마포구,㈜지오시스템,서울특별시 마포구 토정로14길 27,공장 및 복합건축물,실외,완전개방형,44669.0,37.5441285204536,126.932291606222
서울특별시,마포구,동성빌딩,서울특별시 마포구 양화로 196,공장 및 복합건축물,실외,개방형,44669.0,37.5583783180983,126.926518078974
서울특별시,마포구,더피플빌딩,서울특별시 마포구 신촌로12길 4,공장 및 복합건축물,실외,폐쇄형,44669.0,37.5562530795107,126.932458208448
서울특별시,마포구,지학사(본관),서울특별시 마포구 신촌로6길 5,공장 및 복합건축물,실외,완전개방형,44669.0,37.5572175010171,126.930125459364
서울특별시,마포구,유티엘동교빌딩,서울특별시 마포구 양화로19길 22-16,공장 및 복합건축물,실외,개방형,44669.0,37.5587445543563,126.924488771563
서울특별시,마포구,㈜사회평론,서울특별시 마포구 월드컵북로6길 56,공장 및 복합건축물,실외,완전개방형,44669.0,37.5590972808816,126.921429870291
서울특별시,마포구,민턴빌딩,서울특별시 마포구 월드컵북로6길 46,공장 및 복합건축물,실외,완전개방형,44669.0,37.558885267503,126.921011558706
서울특별시,마포구,진평925,서울특별시 마포구 망원로 87,공장 및 복합건축물,실외,완전개방형,44669.0,37.5579439341783,126.906381922133
서울특별시,마포구,청현빌딩,서울특별시 마포구 방울내로 83,공장 및 복합건축물,실외,완전폐쇄형,44669.0,37.5611783057296,126.904214741156
서울특별시,마포구,문화방송(경영센터),서울특별시 마포구 성암로 255,공장 및 복합건축물,실외,개방형,44669.0,37.5802785107294,126.89181859148
서울특별시,마포구,MBC,서울특별시 마포구 성암로 267,공장 및 복합건축물,실외,개방형,44669.0,37.5811234199086,126.890988995582
서울특별시,마포구,이안상암오피스텔1단지,서울특별시 마포구 월드컵북로 375,공장 및 복합건축물,실외,개방형,44669.0,37.5775739803674,126.890723266484
서울특별시,마포구,이안상암오피스텔2단지,서울특별시 마포구 월드컵북로 361,공장 및 복합건축물,실외,개방형,44669.0,37.577109695587,126.891403860718
서울특별시,마포구,고산빌딩,서울특별시 마포구 월드컵북로9길 27,공장 및 복합건축물,실외,완전개방형,44669.0,37.5585031072191,126.915856366931
서울특별시,마포구,덕산빌딩,서울특별시 마포구 성미산로 34,공장 및 복합건축물,실외,완전개방형,44669.0,37.5586756663463,126.912048857957
서울특별시,마포구,성동빌딩,서울특별시 마포구 잔다리로 120,공장 및 복합건축물,실외,개방형,44669.0,37.5576516217597,126.913921437639
서울특별시,마포구,명빌딩,서울특별시 마포구 월드컵로 94,공장 및 복합건축물,실외,개방형,44669.0,37.5571302381779,126.909494710567
서울특별시,마포구,우리금융상암센터,서울특별시 마포구 월드컵북로60길 17,공장 및 복합건축물,실외,완전개방형,44669.0,37.5833854182651,126.885992324027
서울특별시,마포구,삼미빌딩,서울특별시 마포구 월드컵로 61,공장 및 복합건축물,실외,완전개방형,44669.0,37.5546544088203,126.911063893831
서울특별시,마포구,성화빌딩,서울특별시 마포구 월드컵로14길 42,공장 및 복합건축물,실외,개방형,44669.0,37.556245093771,126.912719557582
서울특별시,마포구,하이뷰오피스텔,서울특별시 마포구 잔다리로 104,공장 및 복합건축물,실외,개방형,44669.0,37.5564104773874,126.914887001294
서울특별시,마포구,서교오피스텔,서울특별시 마포구 잔다리로104-1,공장 및 복합건축물,실외,개방형,44669.0,37.5565291648119,126.914798250305
서울특별시,마포구,현주오피스텔,서울특별시 마포구 잔다리로106,공장 및 복합건축물,실외,개방형,44669.0,37.5566214391527,126.914690402548
서울특별시,마포구,중소기업DMC타워,서울특별시 마포구 성암로 189,공장 및 복합건축물,실외,개방형,44669.0,37.5767543724551,126.89789773382
서울특별시,마포구,KBS미디어센터,서울특별시 마포구 매봉산로 45,공장 및 복합건축물,실외,완전개방형,44669.0,37.5765125877795,126.890992094988
서울특별시,마포구,CJ E&M 센터,서울특별시 마포구 상암산로 66,공장 및 복합건축물,실외,완전개방형,44669.0,37.5783960630744,126.891522106224
서울특별시,마포구,트루텍빌딩,서울특별시 마포구 월드컵북로56길 12,공장 및 복합건축물,실외,개방형,44669.0,37.581053048459,126.888001205698
서울특별시,마포구,성명빌딩,서울특별시 마포구 월드컵북로6길 49,공장 및 복합건축물,실외,완전개방형,44669.0,37.5591885473819,126.920883459475
서울특별시,마포구,지남빌딩,서울특별시 마포구 동교로27길 53,공장 및 복합건축물,실외,완전개방형,44669.0,37.5601304887761,126.920942222749
서울특별시,마포구,태화샘솟는집,서울특별시 마포구 마포대로 173-20,공장 및 복합건축물,실외,개방형,44669.0,37.5510762265346,126.952667895364
서울특별시,마포구,마포경찰서(본관),서울특별시 마포구 마포대로 183,공장 및 복합건축물,실외,개방형,44669.0,37.5508297062539,126.95401789968
서울특별시,마포구,대정빌딩,서울특별시 마포구 월드컵북로 82,공장 및 복합건축물,실외,개방형,44669.0,37.5611428176109,126.916067651782
서울특별시,마포구,서교빌딩,서울특별시 마포구 동교로23길 115,공장 및 복합건축물,실외,개방형,44669.0,37.5603165280108,126.916980022801
서울특별시,마포구,서울연희실용전문학교,서울특별시 마포구 월드컵북로 128,공장 및 복합건축물,실외,완전개방형,44669.0,37.5645426145028,126.912804389144
서울특별시,마포구,서교빌딩,서울특별시 마포구 양화로78,공장 및 복합건축물,실외,개방형,44669.0,37.5513850799331,126.916920785456
서울특별시,마포구,일진빌딩,서울특별시 마포구 마포대로 45,공장 및 복합건축물,실외,완전개방형,44669.0,37.5404734621902,126.946373235502
서울특별시,마포구,고려빌딩,서울특별시 마포구 큰우물로 76,공장 및 복합건축물,실외,폐쇄형,44669.0,37.5408050156165,126.945946191673
서울특별시,마포구,루르메타워,서울특별시 마포구 월드컵북로 496,공장 및 복합건축물,실내,밀폐형,44669.0,37.5848725545842,126.880128882236
서울특별시,마포구,서부운전면허시험장,서울특별시 마포구 월드컵로42길 13,공장 및 복합건축물,실외,개방형,44669.0,37.5787580201272,126.880806276364
서울특별시,마포구,더모임,서울특별시 마포구 와우산로23길 8,공장 및 복합건축물,실외,폐쇄형,44669.0,37.5534641469495,126.924735944595
서울특별시,마포구,마포도서관,서울특별시 마포구 홍익로2가 16,공장 및 복합건축물,실외,폐쇄형,44669.0,37.55275613425722,126.94159333241558
서울특별시,마포구,다보빌딩,서울특별시 마포구 마포대로 20,공장 및 복합건축물,실외,폐쇄형,44669.0,37.5384252113104,126.94498558914
서울특별시,마포구,마포타워빌딩,서울특별시 마포구 마포대로4다길 41,공장 및 복합건축물,실외,개방형,44669.0,37.535126460075,126.944008763025
서울특별시,마포구,덕화빌딩,서울특별시 마포구 월드컵로 50,공장 및 복합건축물,실외,개방형,44669.0,37.5538387869579,126.912215924224
서울특별시,마포구,삼성화재합정빌딩,서울특별시 마포구 양화로 81,공장 및 복합건축물,실외,개방형,44669.0,37.5520255224142,126.916683666284
서울특별시,마포구,교평빌딩,서울특별시 마포구 잔다리로7길 16,공장 및 복합건축물,실외,개방형,44669.0,37.5532390219124,126.916862029331
서울특별시,마포구,코마빌딩,서울특별시 마포구 잔다리로 73,공장 및 복합건축물,실외,개방형,44669.0,37.5540239979576,126.916389686203
서울특별시,마포구,Y빌딩,서울특별시 마포구 동교로23길 67,공장 및 복합건축물,실외,완전개방형,44669.0,37.5585464794402,126.918604280374
서울특별시,마포구,디지털매직스페이스,서울특별시 마포구 월드컵북로54길 12,공장 및 복합건축물,실외,완전개방형,44669.0,37.580854283154,126.88933208115
서울특별시,마포구,서울산업진흥원,서울특별시 마포구 월드컵북로 400,공장 및 복합건축물,실외,개방형,44669.0,37.5806561786855,126.889839335259
서울특별시,마포구,영화교육지원센터,서울특별시 마포구 와우산로143,공장 및 복합건축물,실외,개방형,44669.0,37.554249812837,126.928946380051
서울특별시,마포구,서정빌딩,서울특별시 마포구 어울마당로138,공장 및 복합건축물,실외,개방형,44669.0,37.556031211508746,126.92549740198737
서울특별시,마포구,홍익제일빌딩,서울특별시 마포구 동교로 107,공장 및 복합건축물,실외,개방형,44669.0,37.5548141816144,126.91389459755
서울특별시,마포구,길벗도서출판,서울특별시 마포구 월드컵로10길 56,공장 및 복합건축물,실외,개방형,44669.0,37.5554794577415,126.914735615651
서울특별시,마포구,디오래호텔,서울특별시 마포구 동교로 162-7,공장 및 복합건축물,실외,개방형,44669.0,37.5555594384047,126.920373149155
서울특별시,마포구,풍성빌딩,서울특별시 마포구 월드컵북로 21,공장 및 복합건축물,실외,개방형,44669.0,37.5565469912148,126.919530981794
서울특별시,마포구,경복궁,서울특별시 마포구 월드컵북로 37,공장 및 복합건축물,실외,개방형,44669.0,37.5576148217202,126.91817443045
서울특별시,마포구,지은빌딩,서울특별시 마포구 양화로 111,공장 및 복합건축물,실외,개방형,44669.0,37.553785648181,126.919053427634
서울특별시,마포구,순흥빌딩,서울특별시 마포구 양화로 113,공장 및 복합건축물,실외,개방형,44669.0,37.5539417872173,126.919311062413
서울특별시,마포구,지엔씨미디어빌딩,서울특별시 마포구 동교로 156-4,공장 및 복합건축물,실외,개방형,44669.0,37.5553445063146,126.919510658737
서울특별시,마포구,성화빌딩,서울특별시 마포구 동교로 154,공장 및 복합건축물,실외,개방형,44669.0,37.5553523332746,126.918966626813
서울특별시,마포구,진영빌딩,서울특별시 마포구 동교로 128,공장 및 복합건축물,실외,개방형,44669.0,37.5548927378235,126.916386904868
서울특별시,마포구,서강빌딩,서울특별시 마포구 동교로 136,공장 및 복합건축물,실외,개방형,44669.0,37.5550448102957,126.917259636145
서울특별시,마포구,홍대A&K,서울특별시 마포구 양화로 188,공장 및 복합건축물,실외,완전폐쇄형,44669.0,37.5577458058734,126.926498328277
서울특별시,마포구,LG마포빌딩,서울특별시 마포구 마포대로 155,공장 및 복합건축물,실외,완전폐쇄형,44669.0,37.5483585764997,126.953656052492
서울특별시,마포구,승승 당구클럽,서울특별시 마포구 토정로37길 41,실내체육시설,실내,밀폐형,44669.0,37.5427097153873,126.946709511904
서울특별시,마포구,공때리네당구장,서울특별시 마포구 월드컵북로44길 37,실내체육시설,실내,밀폐형,44669.0,37.5763606106226,126.895193352276
서울특별시,마포구,DMC,서울특별시 마포구 월드컵북로44길 45,실내체육시설,실내,밀폐형,44669.0,37.5766293676832,126.894878717516
서울특별시,마포구,별당구장,서울특별시 마포구 월드컵북로48길 19,실내체육시설,실내,밀폐형,44669.0,37.5770915176963,126.894710409654
서울특별시,마포구,준당구장,서울특별시 마포구 동교로 144,실내체육시설,실외,개방형,44669.0,37.5551891884111,126.918089939539
서울특별시,마포구,유정,서울특별시 마포구 월드컵로25길 58,실내체육시설,실내,밀폐형,44669.0,37.5579535116605,126.904280437588
서울특별시,마포구,합정 모나코 당구장,서울특별시 마포구 양화로1길 21,실내체육시설,실내,밀폐형,44669.0,37.5495946668227,126.910456894059
서울특별시,마포구,아현스크린비전골프존,서울특별시 마포구 굴레방로 27,실내체육시설,실내,밀폐형,44669.0,37.5564770309498,126.95532261857
서울특별시,마포구,올레,서울특별시 마포구 마포대로14길 12,실내체육시설,실내,밀폐형,44669.0,37.5483598207229,126.955724551494
서울특별시,마포구,날마다당구장,서울특별시 마포구 마포대로14가길 4,실내체육시설,실내,밀폐형,44669.0,37.5488649842179,126.95589467677
서울특별시,마포구,디자인골프(주),서울특별시 마포구 백범로 139,실내체육시설,실내,밀폐형,44669.0,37.5467017705682,126.946905266201
서울특별시,마포구,염리당구장,서울특별시 마포구 백범로 135,실내체육시설,실내,밀폐형,44669.0,37.546262259436,126.946101240493
서울특별시,마포구,렉스 스크린골프,서울특별시 마포구 월드컵북로54길 11,실내체육시설,실내,밀폐형,44669.0,37.5808876335017,126.88838954354
서울특별시,마포구,W락볼링센터,서울특별시 마포구 양화로 104,실내체육시설,실내,밀폐형,44669.0,37.5527808931548,126.919239998824
서울특별시,마포구,썬시티 스크린골프,서울특별시 마포구 토정로 295,실내체육시설,실내,밀폐형,44669.0,37.5412036547825,126.94221857005
서울특별시,마포구,청기와 당구 클럽,서울특별시 마포구 월드컵북로5길 29,실내체육시설,실내,밀폐형,44669.0,37.5567041837346,126.917269118966
서울특별시,마포구,수정 당구장,서울특별시 마포구 마포대로 214 ,실내체육시설,실내,밀폐형,44669.0,37.5528589545742,126.957187094719
서울특별시,마포구,라팔 당구장,서울특별시 마포구 마포대로 196 ,실내체육시설,실내,밀폐형,44669.0,37.551348512355,126.956180092059
서울특별시,마포구,골드스크린골프존,서울특별시 마포구 마포대로 73 ,실내체육시설,실내,밀폐형,44669.0,37.5423140022795,126.948966526798
서울특별시,마포구,종점당구장,서울특별시 마포구 방울내로 66,실내체육시설,실내,밀폐형,44669.0,37.559872907314,126.902958642826
서울특별시,마포구,상암스크린골프존,서울특별시 마포구 월드컵북로 434,실내체육시설,실내,밀폐형,44669.0,37.5816223202625,126.886049581236
서울특별시,마포구,DMC스크린골프,서울특별시 마포구 월드컵북로 347,실내체육시설,실내,밀폐형,44669.0,37.576345413949,126.893216249483
서울특별시,마포구,공때리네 당구장,서울특별시 마포구 월드컵북로44길 37 ,실내체육시설,실내,밀폐형,44669.0,37.5763606106226,126.895193352276
서울특별시,마포구,369당구장,서울특별시 마포구 월드컵북로44길 39 ,실내체육시설,실내,밀폐형,44669.0,37.5764907417081,126.895021550882
서울특별시,마포구,삼성 당구장,서울특별시 마포구 도화길 28,실내체육시설,실내,밀폐형,44669.0,37.5396037190814,126.949629166527
서울특별시,마포구,승일당구장,서울특별시 마포구 성암로 55 ,실내체육시설,실내,밀폐형,44669.0,37.5698358839235,126.910530468308
서울특별시,마포구,레인보우 당구장,서울특별시 마포구 성암로13길 44 ,실내체육시설,실내,밀폐형,44669.0,37.576250216912,126.897321417384
서울특별시,마포구,용 당구장,서울특별시 마포구 희우정로 98 ,실내체육시설,실내,밀폐형,44669.0,37.5541863122581,126.902143373971
서울특별시,마포구,영 당구장,서울특별시 마포구 망원로 96 ,실내체육시설,실외,완전개방형,44669.0,37.5576770497142,126.907398582727
서울특별시,마포구,코코 당구장,서울특별시 마포구 망원로 97 ,실내체육시설,실내,밀폐형,44669.0,37.5581064714844,126.907521980502
서울특별시,마포구,큐앤구당구장,서울특별시 마포구 와우산로 48 ,실내체육시설,실내,밀폐형,44669.0,37.5485560282385,126.923441090646
서울특별시,마포구,골프존 디바 상암점,서울특별시 마포구  월드컵로34길 8,실내체육시설,실내,밀폐형,44669.0,37.5647927476262,126.903337325037
서울특별시,마포구,골프존파크 상암M,서울특별시 마포구  매봉산로 80,실내체육시설,실내,밀폐형,44669.0,37.5785297541285,126.894284759249
서울특별시,마포구,준당구장,서울특별시 마포구  도화길 33 ,실내체육시설,실내,밀폐형,44669.0,37.5411322820991,126.949457505448
서울특별시,마포구,웅지,서울특별시 마포구 대흥로 180 ,실내체육시설,실내,밀폐형,44669.0,37.555079014473,126.946181128793
서울특별시,마포구,서경석골프존,서울특별시 마포구 대흥로4길 55 ,실내체육시설,실외,개방형,44669.0,37.5413686496177,126.939915232547
서울특별시,마포구,동신스크린골프,서울특별시 마포구 마포대로 115-12,실내체육시설,실내,밀폐형,44669.0,37.5456898892221,126.951150675917
서울특별시,마포구,삼양당구장,서울특별시 마포구 양화로7길 4,실내체육시설,실내,밀폐형,44669.0,37.55112402484,126.915473671979
서울특별시,마포구,홍대 당구장,서울특별시 마포구 동교로22길 1 ,실내체육시설,실내,밀폐형,44669.0,37.5553936223939,126.919263888228
서울특별시,마포구,당구매니아,서울특별시 마포구 홍익로6길 48 ,실내체육시설,실내,밀폐형,44669.0,37.5561987179748,126.924240432733
서울특별시,마포구,수당구클럽,서울특별시 마포구 동교로 219 ,실내체육시설,실내,밀폐형,44669.0,37.5596701717998,126.923545050387
서울특별시,마포구,금화당구장,서울특별시 마포구 월드컵북로2길 57 ,실내체육시설,실내,밀폐형,44669.0,37.5574938764992,126.923364041362
서울특별시,마포구,헤이 당구장,서울특별시 마포구 홍익로6길 10,실내체육시설,실내,밀폐형,44669.0,37.5550137105249,126.922687318825
서울특별시,마포구,명문당구장,서울특별시 마포구 홍익로 15 ,실내체육시설,실내,밀폐형,44669.0,37.5537648594836,126.922996320328
서울특별시,마포구,시코당구장,서울특별시 마포구 서강로 133 ,실내체육시설,실내,밀폐형,44669.0,37.5544113917507,126.935266304232
서울특별시,마포구,하나로 당구클럽,서울특별시 마포구 신촌로12길 4 ,실내체육시설,실내,밀폐형,44669.0,37.5562530795107,126.932458208448
서울특별시,마포구,GS빌리어드클럽,서울특별시 마포구 신촌로16길 10 ,실내체육시설,실내,밀폐형,44669.0,37.5551769148524,126.934676463778
서울특별시,마포구,에스디골프클럽,서울특별시 마포구 월드컵북로 45 ,실내체육시설,실내,밀폐형,44669.0,37.5581793518149,126.917735590004
서울특별시,마포구,서교 당구클럽,서울특별시 마포구 월드컵북로 47 ,실내체육시설,실내,밀폐형,44669.0,37.5582857164049,126.917673678088
서울특별시,마포구,프로당구클럽,서울특별시 마포구 월드컵북로 64 ,실내체육시설,실내,밀폐형,44669.0,37.559872921739,126.917043329917
서울특별시,마포구,골드당구장,서울특별시 마포구 월드컵북로1길 50 ,실내체육시설,실내,밀폐형,44669.0,37.5540898033344,126.918890584706
서울특별시,마포구,청기와 당구 클럽,서울특별시 마포구 월드컵북로5길 29 ,실내체육시설,실내,밀폐형,44669.0,37.5567041837346,126.917269118966
서울특별시,마포구,서교스크린골프,서울특별시 마포구 월드컵북로7길 11 ,실내체육시설,실내,밀폐형,44669.0,37.5580770104634,126.91723693013
서울특별시,마포구,종점당구장,서울특별시 마포구 방울내로 66 ,실내체육시설,실내,밀폐형,44669.0,37.559872907314,126.902958642826
서울특별시,마포구,성산 스크린골프,서울특별시 마포구 월드컵북로 216,실내체육시설,실내,밀폐형,44669.0,37.5698661269971,126.905069332883
서울특별시,마포구,콜당구장,서울특별시 마포구 월드컵북로7길 26 ,실내체육시설,실내,밀폐형,44669.0,37.5579849336504,126.916603918905
서울특별시,마포구,OK 골프존,서울특별시 마포구 월드컵북로 114 ,실내체육시설,실내,밀폐형,44669.0,37.5635239965352,126.913728491272
서울특별시,마포구,블루 당구장,서울특별시 마포구 월드컵북로 132 ,실내체육시설,실내,밀폐형,44669.0,37.5647535003027,126.912631985307
서울특별시,마포구,허슬러2000당구장,서울특별시 마포구 마포대로 49,실내체육시설,실내,밀폐형,44669.0,37.5408688763591,126.946894692978
서울특별시,마포구,삼창스크린골프,서울특별시 마포구 마포대로 63-8,실내체육시설,실내,밀폐형,44669.0,37.5422597095372,126.947815454166
서울특별시,마포구,염리당구장,서울특별시 마포구 백범로 135 ,실내체육시설,실내,밀폐형,44669.0,37.546262259436,126.946101240493
서울특별시,마포구,마포스크린골프,서울특별시 마포구 창전로 32 ,실내체육시설,실내,밀폐형,44669.0,37.5451542706426,126.931913297335
서울특별시,마포구,명,서울특별시 마포구 토정로 294 ,실내체육시설,실내,밀폐형,44669.0,37.5408251480812,126.941858135997
서울특별시,마포구,썬시티 스크린골프,서울특별시 마포구 토정로 295 ,실내체육시설,실내,밀폐형,44669.0,37.5412036547825,126.94221857005
서울특별시,마포구,선일,서울특별시 마포구 토정로 317 ,실내체육시설,실내,밀폐형,44669.0,37.5397952176969,126.944102580798
서울특별시,마포구,대박당구클럽,서울특별시 마포구 토정로31길 23,실내체육시설,실내,밀폐형,44669.0,37.5416322568747,126.941479693192
서울특별시,마포구,대니스 파크 골프클럽,서울특별시 마포구 토정로32길 4 ,실내체육시설,실외,완전개방형,44669.0,37.5410712879596,126.94128505826
서울특별시,마포구,승승 당구클럽,서울특별시 마포구 토정로37길 41 ,실내체육시설,실내,밀폐형,44669.0,37.5427097153873,126.946709511904
서울특별시,마포구,합정 모나코 당구장,서울특별시 마포구 양화로1길 21 ,실내체육시설,실내,밀폐형,44669.0,37.5495946668227,126.910456894059
서울특별시,마포구,행운 당구장,서울특별시 마포구 월드컵로10길 5 ,실내체육시설,실내,밀폐형,44669.0,37.554570170801,126.912033085752
서울특별시,마포구,프로공덕스크린골프,서울특별시 마포구 독막로 331,실내체육시설,실내,밀폐형,44669.0,37.5430017322837,126.949378393135
서울특별시,마포구,수당구장,서울특별시 마포구 삼개로 11 ,실내체육시설,실내,밀폐형,44669.0,37.539367295599,126.947760216592
서울특별시,마포구,마루 당구 클럽,서울특별시 마포구 독막로 230,실내체육시설,실내,밀폐형,44669.0,37.5469733973917,126.939020613483
서울특별시,마포구,제일플러스,서울특별시 마포구 만리재로 15 ,실내체육시설,실내,밀폐형,44669.0,37.5445849310546,126.95276773044
서울특별시,마포구,공덕 당구장,서울특별시 마포구 만리재로 19,실내체육시설,실내,밀폐형,44669.0,37.5447947887537,126.953258247848
서울특별시,마포구,큐앤구당구장,서울특별시 마포구 와우산로 48,실내체육시설,실내,밀폐형,44669.0,37.5485560282385,126.923441090646
서울특별시,마포구,성화,서울특별시 마포구 토정로 190 ,실내체육시설,실내,밀폐형,44669.0,37.5452520063603,126.932030326897
서울특별시,마포구,합정당구클럽,서울특별시 마포구 양화로 36 ,실내체육시설,실내,밀폐형,44669.0,37.5485091311027,126.913337734086
서울특별시,마포구,유니골프클럽,서울특별시 마포구 토정로 77 ,실내체육시설,실외,완전개방형,44669.0,37.5456456185584,126.919374434406
서울특별시,마포구,아현 스크린골프존,서울특별시 마포구 굴레방로 27 ,실내체육시설,실내,밀폐형,44669.0,37.5564770309498,126.95532261857
서울특별시,마포구,드림당구장,서울특별시 마포구 마포대로 180 ,실내체육시설,실내,밀폐형,44669.0,37.5501896795951,126.955540593824
서울특별시,마포구,라팔 당구장,서울특별시 마포구 마포대로 196,실내체육시설,실내,밀폐형,44669.0,37.551348512355,126.956180092059
서울특별시,마포구,수정 당구장,서울특별시 마포구 마포대로 214,실내체육시설,실내,밀폐형,44669.0,37.5528589545742,126.957187094719
서울특별시,마포구,날마다당구장,서울특별시 마포구 마포대로14가길 4 ,실내체육시설,실내,밀폐형,44669.0,37.5488649842179,126.95589467677
서울특별시,마포구,준당구클럽,서울특별시 마포구 마포대로14길 11 ,실내체육시설,실내,밀폐형,44669.0,37.5486732062761,126.956014403174
서울특별시,마포구,올레,서울특별시 마포구 마포대로14길 12 ,실내체육시설,실내,밀폐형,44669.0,37.5483598207229,126.955724551494
서울특별시,마포구,P&G 스크린골프,서울특별시 마포구 만리재옛길 32 ,실내체육시설,실내,밀폐형,44669.0,37.5468745245592,126.956208624851
서울특별시,마포구,마포당구장,서울특별시 마포구 마포대로 179 ,실내체육시설,실내,밀폐형,44669.0,37.5503341946867,126.954815229537
서울특별시,마포구,서강 당구동아리,서울특별시 마포구 백범로 29 ,실내체육시설,실내,밀폐형,44669.0,37.5521195806738,126.937717701367
서울특별시,마포구,신촌마샹스,서울특별시 마포구 백범로 8,실내체육시설,실내,밀폐형,44669.0,37.5540039439813,126.936731657301
서울특별시,마포구,대흥당구장,서울특별시 마포구 백범로 88 ,실내체육시설,실내,밀폐형,44669.0,37.5479469955677,126.941109243584
서울특별시,마포구,골드스크린골프존,서울특별시 마포구 마포대로 73,실내체육시설,실내,밀폐형,44669.0,37.5423140022795,126.948966526798
서울특별시,마포구,골프존드라이빙레인지공덕점,서울특별시 마포구 마포대로 173,실내체육시설,실내,밀폐형,44669.0,37.5499015773045,126.954455626109
서울특별시,마포구,골프존파크 상암M,서울특별시 마포구 매봉산로 80 ,실내체육시설,실내,밀폐형,44669.0,37.5785297541285,126.894284759249
서울특별시,마포구,청인 당구장,서울특별시 마포구 매봉산로2길 15 ,실내체육시설,실내,밀폐형,44669.0,37.5785264982816,126.894977598231
서울특별시,마포구,퀸당구장,서울특별시 마포구 모래내로1길 3,실내체육시설,실내,밀폐형,44669.0,37.5645513698635,126.903887952545
서울특별시,마포구,한큐당구장,서울특별시 마포구 모래내로3길 11 ,실내체육시설,실내,밀폐형,44669.0,37.5649844878107,126.904565730249
서울특별시,마포구,예인 골프존,서울특별시 마포구 월드컵북로43길 38 ,실내체육시설,실내,밀폐형,44669.0,37.5746151070899,126.894376213863
서울특별시,마포구,D.M.C,서울특별시 마포구 월드컵북로44길 45 ,실내체육시설,실내,밀폐형,44669.0,37.5766293676832,126.894878717516
서울특별시,마포구,별당구장,서울특별시 마포구 월드컵북로48길 19 ,실내체육시설,실내,밀폐형,44669.0,37.5770915176963,126.894710409654
서울특별시,마포구,골프존 디바 상암점,서울특별시 마포구 월드컵로34길 8,실내체육시설,실내,밀폐형,44669.0,37.5647927476262,126.903337325037
서울특별시,마포구,어여와당구장,서울특별시 마포구 망원로 16,실내체육시설,실내,밀폐형,44669.0,37.5558917317781,126.898948279417
서울특별시,마포구,유정,서울특별시 마포구 월드컵로25길 58 ,실내체육시설,실내,밀폐형,44669.0,37.5579535116605,126.904280437588
서울특별시,마포구,VIP당구클럽,서울특별시 마포구 홍익로3길 8 ,실내체육시설,실내,밀폐형,44669.0,37.5541457310575,126.922065320318
서울특별시,마포구,예니롱(Yennyron Dessert Shop),서울특별시 마포구 독막로2길 12,음식점,실외,폐쇄형,44669.0,37.5479839925735,126.914523601273
서울특별시,마포구,인버스YTN점,서울특별시 마포구 상암산로 76,음식점,실외,폐쇄형,44669.0,37.5791943482019,126.892314544858
서울특별시,마포구,명륜진사갈비 합정역점,서울특별시 마포구 독막로 17 ,음식점,실외,개방형,44669.0,37.5487516409497,126.915396118288
서울특별시,마포구,위드커피,서울특별시 마포구 양화로18안길 12,음식점,실외,개방형,44669.0,37.556674962258,126.925336052306
서울특별시,마포구,도화곱창,서울특별시 마포구 새창로2길 13 ,음식점,실외,개방형,44669.0,37.5413372543439,126.949445372971
서울특별시,마포구,마포구청,서울특별시 마포구 월드컵로 212 ,청사,실내,밀폐형,44669.0,37.5663128370109,126.901615668932
