시도명,시군구명,인허가일자,인허가취소일자,영업상태,상세영업상태명,폐업일자,휴업시작일자,휴업종료일자,재개업일자,소재지전화,소재지우편번호,도로명전체주소,사업장명,위도,경도,지정일자,민원종류명,
서울특별시,마포구,20220819 ,,영업/정상,정상영업,,,,,,04184,서울특별시 마포구 만리재로10안길 9. 1층 (공덕동),케이원마트,37.5491705,126.960855,20220819 ,제7조의3제2항에따른경우,
서울특별시,마포구,20220811 ,,영업/정상,정상영업,,,,,,04176,서울특별시 마포구 마포대로4길 12. 1층 (마포동),세븐일레븐 마포복사꽃점,37.5387401,126.946219,20220811 ,제7조의3제2항에따른경우,
서울특별시,마포구,20220805 ,,영업/정상,정상영업,,,,,,04034,서울특별시 마포구 양화로11길 18. 1층 (서교동),씨유 마포서교점,37.5521088,126.915675,20220805 ,제7조의3제2항에따른경우,
서울특별시,마포구,20220802 ,,영업/정상,정상영업,,,,,,04166,서울특별시 마포구 토정로37길 231. 1층 (용강동),씨유 마포대운점,37.5413971,126.945188,20220802 ,제7조의3제2항에따른경우,
서울특별시,마포구,20220802 ,,영업/정상,정상영업,,,,,,04168,서울특별시 마포구 마포대로 지하 92. 공덕역 지하3층 (도화동),지에스(GS)25S공덕역점,37.5507258,126.958522,20220802 ,제7조의3제2항에따른경우,
서울특별시,마포구,20220726 ,,영업/정상,정상영업,,,,,,04077,서울특별시 마포구 토정로 1659. 1층 101호 (하중동),씨유 마포서강해모로점,37.545767,126.929062,20220726 ,제7조의3제2항에따른경우,
서울특별시,마포구,20220722 ,,영업/정상,정상영업,,,,,,04066,서울특별시 마포구 와우산로 94. 홍익대학교 제2기숙사 B층 117호 (상수동),이마트24R 홍대기숙사점,37.5494945,126.924812,20220722 ,제7조의3제3항에따른경우,
서울특별시,마포구,20220720 ,,영업/정상,정상영업,,,,,,04069,서울특별시 마포구 서강로 55. 서강쌍용예가 1층 103호 (창전동),지에스(GS)25광흥창역점,37.5482267,126.929746,20220720 ,제7조의3제2항에따른경우,
서울특별시,마포구,20220720 ,,영업/정상,정상영업,,,,,,04147,서울특별시 마포구 백범로31길 21. 서울창업허브. 서울복지타운 (공덕동),이마트24 서울창업허브점,37.5466226,126.949851,20220720 ,제7조의3제2항에따른경우,
서울특별시,마포구,20220712 ,,영업/정상,정상영업,,,,,,04016,서울특별시 마포구 희우정로15길 3. 1층 (망원동),우리마트,37.5536749,126.901938,20220712 ,제7조의3제2항에따른경우,
서울특별시,마포구,20220707 ,,영업/정상,정상영업,,,,,,04201,서울특별시 마포구 마포대로 246. 상가동 비210.비211호 (아현동. 마포센트럴 아이파크),씨유아현아이파크점,37.5555337,126.958004,20220707 ,제7조의3제3항에따른경우,
서울특별시,마포구,20220706 ,,영업/정상,정상영업,,,,,,03929,서울특별시 마포구 성암로 179. 한샘상암사옥 1층 (상암동),(주)코리아세븐 상암한샘점,37.5760678,126.898608,20220706 ,제7조의3제3항에따른경우,
서울특별시,마포구,20220706 ,,영업/정상,정상영업,,,,,,04020,서울특별시 마포구 포은로 29. 신성빌딩 1층 (합정동),씨유 마포양화공원점,37.5503055,126.907913,20220706 ,제7조의3제2항에따른경우,
서울특별시,마포구,20220630 ,,영업/정상,정상영업,,,,,,03909,서울특별시 마포구 매봉산로 45. KBS미디어센터 지하1층 일부호 (상암동),드림마트,37.5763934,126.890912,20220630 ,제7조의3제3항에따른경우,
서울특별시,마포구,20220622 ,,영업/정상,정상영업,,,,,,04143,서울특별시 마포구 마포대로 143. 마포공덕파크팰리스 Ⅱ 제지하층 제비108호 (공덕동),베이핑클럽 공덕,37.5473978,126.953028,20220622 ,제7조의3제3항에따른경우,
서울특별시,마포구,20220603 ,,영업/정상,정상영업,,,,,,03948,서울특별시 마포구 월드컵북로27길 41 (성산동),성산슈퍼,37.5661669,126.90778,20220603 ,제7조의3제2항에따른경우,
서울특별시,마포구,20220603 ,,영업/정상,정상영업,,,,,,04103,서울특별시 마포구 고산길 85. 1층 일부호 (노고산동),(주)코리아세븐 노고산타운점,37.5548509,126.941515,20220603 ,제7조의3제2항에따른경우,
서울특별시,마포구,20220603 ,,영업/정상,정상영업,,,,,232751117,04093,서울특별시 마포구 토정로 192. 진영빌딩 1층 (구수동),지에스(GS)25 서강자이점,37.5452078,126.932182,20220603 ,제7조의3제2항에따른경우,
서울특별시,마포구,20220530 ,,영업/정상,정상영업,,,,,,03925,서울특별시 마포구 월드컵북로 400. 서울산업진흥원 102호 (상암동),지에스(GS)25상암SBA점,37.5803709,126.88979,20220530 ,제7조의3제2항에따른경우,
서울특별시,마포구,20220526 ,,영업/정상,정상영업,,,,,,03972,서울특별시 마포구 월드컵북로20안길 1. 1층 101호 (성산동. 성산온세빌),세븐일레븐 성산행운점,37.5643965,126.914233,20220526 ,제7조의3제2항에따른경우,
서울특별시,마포구,20220427 ,,영업/정상,정상영업,,,,,,04170,서울특별시 마포구 도화길 32. 삼성아파트 126호 127호 (도화동),씨유 마포삼성점,37.540034,126.95037,20220427 ,제7조의3제2항에따른경우,
서울특별시,마포구,20220418 ,,영업/정상,정상영업,,,,,28779114,04130,서울특별시 마포구 마포대로 17314. 마포 센텀 슬로우스퀘어 지하1층 (아현동),아현식자재마트,37.5509007,126.953451,20220418 ,제7조의3제2항에따른경우,
서울특별시,마포구,20220413 ,,영업/정상,정상영업,,,,,,04002,서울특별시 마포구 월드컵북로5나길 21. 1층 (서교동),이마트24 서교미래점,37.5575064,126.916008,20220413 ,제7조의3제2항에따른경우,
서울특별시,마포구,20220414 ,,영업/정상,정상영업,,,,,,03968,서울특별시 마포구 성미산로 33. 1층 (성산동),지에스(GS)25 성산본점,37.5589275,126.911911,20220414 ,제7조의3제2항에따른경우,
서울특별시,마포구,20220401 ,,영업/정상,정상영업,,,,,,04025,서울특별시 마포구 월드컵로1길 40. 1층 (합정동),지에스(GS)25 합정레인보우점,37.5493998,126.91072,20220401 ,제7조의3제2항에따른경우,
서울특별시,마포구,20220325 ,,영업/정상,정상영업,,,,,,03988,서울특별시 마포구 연남로 31. 1층 (연남동),GS25 연남하늘채점,37.5623608,126.921581,20220325 ,제7조의3제2항에따른경우,
서울특별시,마포구,20220316 ,,영업/정상,정상영업,,,,,,03912,서울특별시 마포구 월드컵북로 347. 상암메디컬빌딩 104호 (상암동),씨유 마포상암점,37.5763932,126.893339,20220316 ,제7조의3제2항에따른경우,
서울특별시,마포구,20220310 ,,영업/정상,정상영업,,,,,222741741,04066,서울특별시 마포구 와우산로 94. 홍익대학교 홍문관 3층 (상수동),㈜영우,37.5525734,126.924861,20220310 ,제7조의3제3항에따른경우,
서울특별시,마포구,20220307 ,,영업/정상,정상영업,,,,,,03991,서울특별시 마포구 동교로23길 67. Y빌딩 1층 (연남동),씨유 연남Y빌딩점,37.5585754,126.918511,20220307 ,제7조의3제2항에따른경우,
서울특별시,마포구,20220303 ,,영업/정상,정상영업,,,,,,04147,서울특별시 마포구 백범로31길 8. 단지내 상가 2동 115호 (공덕동. 공덕SK리더스뷰),씨유 공덕SK리더스뷰점,37.5451058,126.949236,20220303 ,제7조의3제2항에따른경우,
서울특별시,마포구,20220303 ,,영업/정상,정상영업,,,,,,04036,서울특별시 마포구 양화로 45. 제물동 제지층 제비199호 (서교동. 메세나폴리스),㈜코리아세븐 마포메세나점,37.5489656,126.913477,20220303 ,제7조의3제3항에따른경우,
서울특별시,마포구,20220204 ,,영업/정상,정상영업,,,,,,03922,서울특별시 마포구 월드컵북로 434. 상암 IT Tower 107호 (상암동),지에스(GS)25 SH상암1호점,37.5813924,126.885617,20220204 ,제7조의3제3항에따른경우,
서울특별시,마포구,20220204 ,,영업/정상,정상영업,,,,,,03954,서울특별시 마포구 마포나루길 407. 씨스페이스 (망원동),주식회사 인더라인25 (망원2호점),37.5546098,126.89571,20220204 ,제7조의3제2항에따른경우,
서울특별시,마포구,20220107 ,,영업/정상,정상영업,,,,,,04209,서울특별시 마포구 만리재로 63. 블루마리오피스텔 101호 (신공덕동),지에스(GS)25 공덕블루마리점,37.5468156,126.957257,20220107 ,제7조의3제2항에따른경우,
서울특별시,마포구,20211222 ,,영업/정상,정상영업,,,,,,03991,서울특별시 마포구 월드컵북로6길 3. 이노베이스 빌딩 1층 (연남동),지에스25연남SCG점,37.5592487,126.921316,20211222 ,제7조의3제2항에따른경우,
서울특별시,마포구,20211220 ,,영업/정상,정상영업,,,,,,03930,서울특별시 마포구 성암로13길 60. 1층 102호 (상암동),캡틴,37.5755245,126.89774,20211220 ,제7조의3제2항에따른경우,
서울특별시,마포구,20211216 ,,영업/정상,정상영업,,,,,,04068,서울특별시 마포구 와우산로 48. 로하스타워 지112호 (상수동),지에스25 상수역점,37.5485083,126.923281,20211216 ,제7조의3제2항에따른경우,
서울특별시,마포구,20211214 ,,영업/정상,정상영업,,,,,,04049,서울특별시 마포구 독막로 71. 1층 일부 (상수동),순복권,37.5479312,126.921337,20211214 ,제7조의3제2항에따른경우,
서울특별시,마포구,20211208 ,,영업/정상,정상영업,,,,,,04039,서울특별시 마포구 잔다리로6길 23 (서교동),롯데씨브이에스711 홍대잔다리점,37.5523369,126.920305,20211208 ,제7조의3제2항에따른경우,
서울특별시,마포구,20211203 ,,영업/정상,정상영업,,,,,,04168,서울특별시 마포구 도화길 43. 나눔빌딩 101호 (도화동),지에스25(GS25) 도화삼보,37.5418193,126.950311,20211203 ,제7조의3제2항에따른경우,
서울특별시,마포구,20211202 ,,영업/정상,정상영업,,,,,,04203,서울특별시 마포구 마포대로24안길 3. 지하1층. 지하2층 (아현동. 천중팰리스),주식회사 에이치피푸드,37.5539627,126.959581,20211202 ,제7조의3제2항에따른경우,
서울특별시,마포구,20211201 ,,영업/정상,정상영업,,,,,,03984,서울특별시 마포구 성미산로32길 47. 1층 (연남동),씨유 연남파크점,37.5627684,126.922696,20211201 ,제7조의3제2항에따른경우,
서울특별시,마포구,20211129 ,,영업/정상,정상영업,,,,,,03978,서울특별시 마포구 성미산로 91. 1층 (성산동),이마트24 마포성산,37.5612233,126.917601,20211129 ,제7조의3제2항에따른경우,
서울특별시,마포구,20211125 ,,영업/정상,정상영업,,,,,,04073,서울특별시 마포구 독막로8길 27. 1층 (합정동),지에스25 합정당인점,37.5466407,126.917956,20211125 ,제7조의3제2항에따른경우,
서울특별시,마포구,20211122 ,,영업/정상,정상영업,,,,,,04152,서울특별시 마포구 독막로 282. 대흥빌딩 1층 (대흥동),씨유 대흥청담점,37.5449999,126.944336,20211122 ,제7조의3제2항에따른경우,
서울특별시,마포구,20211116 ,,영업/정상,정상영업,,,,,,04004,서울특별시 마포구 월드컵로10길 28. 동명빌딩 1층 (서교동),미니스톱 서교동명점,37.5548054,126.913298,20211116 ,제7조의3제2항에따른경우,
서울특별시,마포구,20211116 ,,영업/정상,정상영업,,,,,,03941,서울특별시 마포구 월드컵북로 224. 1층 115~118호 (성산동),씨유 성산청화점,37.5697336,126.904513,20211116 ,제7조의3제2항에따른경우,
서울특별시,마포구,20211111 ,,영업/정상,정상영업,,,,,,04167,서울특별시 마포구 마포대로 33. 지층 127호 (도화동. 마포 한화 오벨리스크),한화세탁,37.5399759,126.945463,20211111 ,제7조의3제3항에따른경우,
서울특별시,마포구,20211105 ,,영업/정상,정상영업,,,,,,04101,서울특별시 마포구 백범로1길 59 (노고산동),골든하우스,37.5555545,126.939792,20211105 ,제7조의3제2항에따른경우,
서울특별시,마포구,20211101 ,,영업/정상,정상영업,,,,,,04005,서울특별시 마포구 마포나루길 435 (망원동),이마트24 한강망원지구,37.5546098,126.89571,20211101 ,제7조의3제2항에따른경우,
서울특별시,마포구,20211101 ,,영업/정상,정상영업,,,,,,03938,서울특별시 마포구 월드컵로34길 13. 상암 월드시티 1층 101. 102호 (성산동),롯데씨브이에스711 상암월드시티점,37.565441,126.903534,20211101 ,제7조의3제2항에따른경우,
서울특별시,마포구,20211101 ,,영업/정상,정상영업,,,,,15770711,04113,서울특별시 마포구 대흥로30길 14. 1층 (염리동),(주)코리아세븐 이대역점,37.5562142,126.946856,20211101 ,제7조의3제2항에따른경우,
서울특별시,마포구,20211026 ,,영업/정상,정상영업,,,,,,03913,서울특별시 마포구 월드컵북로47길 8. 상가 101호 (상암동. 상암월드컵아파트 1단지),지에스25 상암1단지점,37.5750808,126.893365,20211026 ,제7조의3제2항에따른경우,
서울특별시,마포구,20211025 ,,영업/정상,정상영업,,,,,,04046,서울특별시 마포구 양화로6길 18. 일호빌딩 비동 1층 일부 (합정동),지에스25합정프리미엄점,37.5488183,126.917763,20211025 ,제7조의3제2항에따른경우,
서울특별시,마포구,20211018 ,,영업/정상,정상영업,,,,,,04068,서울특별시 마포구 독막로 101. BR엘리텔 B동 1층 (상수동),지에스25 홍대엘리트점,37.548092,126.924734,20211018 ,제7조의3제2항에따른경우,
서울특별시,마포구,20211014 ,,영업/정상,정상영업,,,,,264893033,04024,서울특별시 마포구 월드컵로1길 14. 제지하1층 제비1141호 (합정동. 마포 한강 푸르지오),어벤져스리앤비,37.5495927,126.912197,20211014 ,제7조의3제3항에따른경우,
서울특별시,마포구,20211015 ,,영업/정상,정상영업,,,,,,03989,서울특별시 마포구 연남로 10. 1층 (연남동),씨유 연남PMK점,37.5606858,126.923353,20211015 ,제7조의3제2항에따른경우,
서울특별시,마포구,20211014 ,,영업/정상,정상영업,,,,,,03990,서울특별시 마포구 월드컵북로6길 69. 1층 (연남동),지에스25 연남타운점,37.5596906,126.921725,20211014 ,제7조의3제2항에따른경우,
서울특별시,마포구,20211006 ,,영업/정상,정상영업,,,,,,03938,서울특별시 마포구 모래내로3길 11. 상암 미르웰 한올림 오피스 101호 (성산동),미니스톱 상암미르웰점,37.5647093,126.904108,20211006 ,제7조의3제2항에따른경우,
서울특별시,마포구,20211006 ,,영업/정상,정상영업,,,,,,03996,서울특별시 마포구 월드컵로20길 33. 1층 (서교동),세븐일레븐 마포보석점,37.5578528,126.910861,20211006 ,제7조의3제2항에따른경우,
서울특별시,마포구,20211001 ,,영업/정상,정상영업,,,,,,04088,서울특별시 마포구 독막로26길 10. 1층 (신수동),지에스25 마포독막로점,37.5468999,126.934978,20211001 ,제7조의3제2항에따른경우,
서울특별시,마포구,20210930 ,,영업/정상,정상영업,,,,,,04195,서울특별시 마포구 백범로 199. 메트로디오빌빌딩 지1층 118호 (신공덕동),마녀주스 공덕점,37.5434128,126.952896,20210930 ,제7조의3제3항에따른경우,
서울특별시,마포구,20210927 ,,영업/정상,정상영업,,,,,23638139,04184,서울특별시 마포구 효창원로97길 12. 1층 (공덕동),믿음마트,37.549162,126.962965,20210927 ,제7조의3제2항에따른경우,
서울특별시,마포구,20210914 ,,영업/정상,정상영업,,,,,,03938,서울특별시 마포구 모래내로1길 3. 103호 (성산동),이마트24 마포프라디움점,37.5643904,126.903918,20210914 ,제7조의3제2항에따른경우,
서울특별시,마포구,20210824 ,,영업/정상,정상영업,,,,,,04116,서울특별시 마포구 신촌로34길 7. 1층 (아현동),씨유 아현시장점,37.5572518,126.929782,20210824 ,제7조의3제2항에따른경우,
서울특별시,마포구,20210824 ,,영업/정상,정상영업,,,,,23260433,03964,서울특별시 마포구 망원로7길 19. 1층 (망원동),다나와 생활용품(망원점),37.5583857,126.905255,20210824 ,제7조의3제2항에따른경우,
서울특별시,마포구,20210818 ,,영업/정상,정상영업,,,,,,04137,서울특별시 마포구 숭문길 41. 1층 (염리동),지에스25염리래미안점,37.5482954,126.945294,20210818 ,제7조의3제2항에따른경우,
서울특별시,마포구,20210809 ,,영업/정상,정상영업,,,,,,03951,서울특별시 마포구 성암로 46. 1층 일부 (중동),구제천국,37.5696665,126.911582,20210809 ,제7조의3제2항에따른경우,
서울특별시,마포구,20210806 ,,영업/정상,정상영업,,,,,231440492,03983,서울특별시 마포구 성미산로 158. 1층 101호 (연남동. 제이에스빌),지에스25 연남게스트점,37.5615164,126.919414,20210806 ,제7조의3제2항에따른경우,
서울특별시,마포구,20210804 ,,영업/정상,정상영업,,,,,,04029,서울특별시 마포구 동교로16길 31. 라움빌딩 1층 (서교동),지에스25 서교라움점,37.5539975,126.915558,20210804 ,제7조의3제2항에따른경우,
서울특별시,마포구,20210802 ,,영업/정상,정상영업,,,,,,04051,서울특별시 마포구 양화로 지하 188. 홍대입구역 B2층 R01호 (동교동),지에스25(GS25)S홍대입구역점,37.557527,126.924467,20210802 ,제7조의3제3항에따른경우,
서울특별시,마포구,20210729 ,,영업/정상,정상영업,,,,,23377871,04076,서울특별시 마포구 독막로20나길 22. B01. B02. B03. B04호 (상수동. 래미안밤섬리베뉴 1),대흥 할인마트,37.546327,126.92614,20210729 ,제7조의3제2항에따른경우,
서울특별시,마포구,20210721 ,,영업/정상,정상영업,,,,,,04010,서울특별시 마포구 포은로 90. 1층 (망원동),씨유 망원포은로점,37.5550289,126.905308,20210721 ,제7조의3제2항에따른경우,
서울특별시,마포구,20210716 ,,영업/정상,정상영업,,,,,,03995,서울특별시 마포구 월드컵북로2길 57. 1층 (동교동),지에스25 동교사랑점,37.557432,126.923339,20210716 ,제7조의3제2항에따른경우,
서울특별시,마포구,20210624 ,,영업/정상,정상영업,,,,,,04050,서울특별시 마포구 양화로 지하 160. 홍대입구역 239108호 (동교동),지에스25 S홍대역사점,37.557527,126.924467,20210624 ,제7조의3제3항에따른경우,
서울특별시,마포구,20210614 ,,영업/정상,정상영업,,,,,,03997,서울특별시 마포구 잔다리로 125. 미송빌딩 1층 (서교동),구제조아,37.5520911,126.92042,20210614 ,제7조의3제2항에따른경우,
서울특별시,마포구,20210611 ,,영업/정상,정상영업,,,,,,04036,서울특별시 마포구 양화로 45. 1층 118호 (서교동. 메세나폴리스),메세나서교공인중개사,37.5489656,126.913477,20210611 ,제7조의3제3항에따른경우,
서울특별시,마포구,20210527 ,,영업/정상,정상영업,,,,,,04002,서울특별시 마포구 동교로17길 55. 1층 (서교동),지에스25 서교호호점,37.5520121,126.90413,20210527 ,제7조의3제2항에따른경우,
서울특별시,마포구,20210514 ,,영업/정상,정상영업,,,,,,03993,서울특별시 마포구 월드컵북로4길 72. 한양빌딩 1층 101호 (동교동),지에스25 연남한양점,37.5589233,126.922757,20210514 ,제7조의3제2항에따른경우,
서울특별시,마포구,20210504 ,,영업/정상,정상영업,,,,,,04124,서울특별시 마포구 대흥로24길 24. A동 115~119호 (염리동),GS THE FRESH 마포염리점,37.5545681,126.947623,20210504 ,제7조의3제2항에따른경우,
서울특별시,마포구,20210504 ,,영업/정상,정상영업,,,,,,04124,서울특별시 마포구 대흥로24길 24. B동 108호 (염리동),이마트24 마포프레스티지점,37.5545681,126.947623,20210504 ,제7조의3제2항에따른경우,
서울특별시,마포구,20210504 ,,영업/정상,정상영업,,,,,,03975,서울특별시 마포구 성미산로19길 60. 1층 101호 (연남동. 만민하늘애),지에스25 연남스타점,37.5645,126.91797,20210504 ,제7조의3제2항에따른경우,
서울특별시,마포구,20210428 ,,영업/정상,정상영업,,,,,,03980,서울특별시 마포구 동교로 281. 1층 (연남동),이마트24 마포연남점,37.5643294,126.926409,20210428 ,제7조의3제2항에따른경우,
서울특별시,마포구,20210428 ,,영업/정상,정상영업,,,,,,04169,서울특별시 마포구 새창로 40. 2층 (도화동),이마트24 도화현대점,37.5412054,126.954027,20210428 ,제7조의3제2항에따른경우,
서울특별시,마포구,20210420 ,,영업/정상,정상영업,,,,,,04071,서울특별시 마포구 성지길 36. 1층 (합정동),지에스(GS)25 합정성지길점,37.5471174,126.912959,20210420 ,제7조의3제2항에따른경우,
서울특별시,마포구,20210414 ,,영업/정상,정상영업,,,,,23087441,03900,서울특별시 마포구 한강난지로 28. 난지캠핑장 (상암동),주식회사 에코캠프,37.570134,126.872564,20210414 ,제7조의3제2항에따른경우,
서울특별시,마포구,20210414 ,,영업/정상,정상영업,,,,,,03929,서울특별시 마포구 성암로 189. 중소기업 DMC 타워 1층 105호 (상암동),씨유 마포DMC점,37.5740931,126.903585,20210414 ,제7조의3제2항에따른경우,
서울특별시,마포구,20210406 ,,영업/정상,정상영업,,,,,,04194,서울특별시 마포구 백범로 205. 101동 지2층 B224호 (신공덕동. 펜트라우스),씨유 신공덕펜트라우스점,37.5433361,126.954004,20210406 ,제7조의3제2항에따른경우,
서울특별시,마포구,20210402 ,,영업/정상,정상영업,,,,,,04049,서울특별시 마포구 와우산로 53. 1층 (상수동),GS25 상수로즈점,37.5492136,126.922838,20210402 ,제7조의3제2항에따른경우,
서울특별시,마포구,20210330 ,,영업/정상,정상영업,,,,,,03949,서울특별시 마포구 월드컵북로 162 (성산동),한영,37.5668518,126.910517,20210330 ,제7조의3제2항에따른경우,
서울특별시,마포구,20210326 ,,영업/정상,정상영업,,,,,,04177,서울특별시 마포구 마포대로4다길 41. 마포타워빌딩 B1층 3호 (마포동),마포타워 편의점,37.5351969,126.94397,20210326 ,제7조의3제2항에따른경우,
서울특별시,마포구,20210317 ,,영업/정상,정상영업,,,,,,04182,서울특별시 마포구 새창로 52. 상가동 156. 157호 (도화동. 도화동현대아파트),씨유 마포도화센트럴점,37.5395096,126.954021,20210317 ,제7조의3제2항에따른경우,
서울특별시,마포구,20210317 ,,영업/정상,정상영업,,,,,,04206,서울특별시 마포구 마포대로 204. 마포에스케이허브블루 105호 (아현동),지에스25 마포허브점,37.5519822,126.95652,20210317 ,제7조의3제2항에따른경우,
서울특별시,마포구,20210222 ,,영업/정상,정상영업,,,,,,03957,서울특별시 마포구 망원로1길 28. 1층 (망원동),(주)코리아세븐 망원대림점,37.5576121,126.899773,20210222 ,제7조의3제2항에따른경우,
서울특별시,마포구,20210219 ,,영업/정상,정상영업,,,,,,03946,서울특별시 마포구 성암로5길 46. 비102호 (중동),창성디앤아이,37.5682047,126.910278,20210219 ,제7조의3제2항에따른경우,
서울특별시,마포구,20210203 ,,영업/정상,정상영업,,,,,,04112,서울특별시 마포구 대흥로24길 7. NK빌딩 1층 (대흥동),씨유 마포센트럴점,37.5544587,126.946424,20210203 ,제7조의3제2항에따른경우,
서울특별시,마포구,20210125 ,,영업/정상,정상영업,,,,,,04209,서울특별시 마포구 만리재로 45. 2층 201호 (신공덕동),씨유 공덕센트럴점,37.5454665,126.955566,20210125 ,제7조의3제2항에따른경우,
서울특별시,마포구,20210121 ,,영업/정상,정상영업,,,,,,04178,서울특별시 마포구 마포대로4다길 3. 1층 (마포동),세븐일레븐 마포황금점,37.5366701,126.944674,20210121 ,제7조의3제2항에따른경우,
서울특별시,마포구,20210113 ,,영업/정상,정상영업,,,,,,04059,서울특별시 마포구 와우산로26길 919. 1층 (창전동),씨유 홍대으뜸점,37.5530236,126.927236,20210113 ,제7조의3제2항에따른경우,
서울특별시,마포구,20210108 ,,영업/정상,정상영업,,,,,,04162,서울특별시 마포구 대흥로 14. VIP빌딩 1층 (용강동),지에스25 용강햇살점,37.5423182,126.937279,20210108 ,제7조의3제2항에따른경우,
서울특별시,마포구,20210104 ,,영업/정상,정상영업,,,,,,04074,서울특별시 마포구 와우산로3길 21. 1층 (상수동),씨유 상수팜팜점,37.5458572,126.921752,20210104 ,제7조의3제2항에따른경우,
서울특별시,마포구,20201230 ,,영업/정상,정상영업,,,,,,04064,서울특별시 마포구 서강로 97. 창전동삼성아파트 상가동 114호 (창전동),지에스25 창전삼성,37.551615,126.932507,20201230 ,제7조의3제2항에따른경우,
서울특별시,마포구,20201229 ,,영업/정상,정상영업,,,,,,04106,서울특별시 마포구 고산18길 7. 1층 (대흥동),세븐일레븐 마포양원점,37.5539943,126.945376,20201229 ,제7조의3제2항에따른경우,
서울특별시,마포구,20201229 ,,영업/정상,정상영업,,,,,,03965,서울특별시 마포구 월드컵로 164. 1층 (성산동),한국유통,37.5622397,126.904902,20201229 ,제7조의3제2항에따른경우,
서울특별시,마포구,20201217 ,,영업/정상,정상영업,,,,,,04152,서울특별시 마포구 큰우물로 394. 1층 (대흥동),지에스25대흥큰우물점,37.5433718,126.943241,20201217 ,제7조의3제2항에따른경우,
서울특별시,마포구,20201211 ,,영업/정상,정상영업,,,,,,04055,서울특별시 마포구 홍익로 6. 1층 (서교동),씨유 홍대중앙점,37.5532682,126.924019,20201211 ,제7조의3제2항에따른경우,
서울특별시,마포구,20201209 ,,영업/정상,정상영업,,,,,,03978,서울특별시 마포구 월드컵북로16길 14. 1층 (성산동),씨유 성산파크점,37.5627635,126.915081,20201209 ,제7조의3제2항에따른경우,
서울특별시,마포구,20201203 ,,영업/정상,정상영업,,,,,,04044,서울특별시 마포구 양화로6길 928. 1층 (서교동),세븐일레븐 서교삼양점,37.5501067,126.915961,20201203 ,제7조의3제2항에따른경우,
서울특별시,마포구,20201124 ,,영업/정상,정상영업,,,,,,04129,서울특별시 마포구 마포대로 195. 4동 128호 (아현동. 마포 래미안 푸르지오),씨유 아현뉴타운,37.5458958,126.951506,20201124 ,제7조의3제2항에따른경우,
서울특별시,마포구,20201117 ,,영업/정상,정상영업,,,,,,04201,서울특별시 마포구 마포대로 262. 101동 1.2호 (아현동. 서서울삼성아파트),지에스25  서서울삼성점,37.5562937,126.959174,20201117 ,제7조의3제2항에따른경우,
서울특별시,마포구,20201109 ,,영업/정상,정상영업,,,,,,03920,서울특별시 마포구 성암로 330. DMC첨단산업센터 지하1층 B105호 (상암동),씨유 첨단산업센터스마일점,37.5848659,126.88598,20201109 ,제7조의3제3항에따른경우,
서울특별시,마포구,20201105 ,,영업/정상,정상영업,,,,,,04105,서울특별시 마포구 대흥로 183. 신촌그랑자이 상가 108호 (대흥동),지에스25 신촌그랑자이점,37.5554011,126.945709,20201105 ,제7조의3제2항에따른경우,
서울특별시,마포구,20201102 ,,영업/정상,정상영업,,,,,,03924,서울특별시 마포구 월드컵북로54길 25. 상암DMC푸르지오시티. SCity 1층 S107호 (상암동),이마트24 상암푸르지오점,37.5815202,126.889118,20201102 ,제7조의3제3항에따른경우,
서울특별시,마포구,20201028 ,,영업/정상,정상영업,,,,,,04016,서울특별시 마포구 희우정로 77. 상가 104호 (망원동. 마포한강아이파크),세븐일레븐 마포아이파크점,37.5527613,126.903691,20201028 ,제7조의3제2항에따른경우,
서울특별시,마포구,20201022 ,,영업/정상,정상영업,,,,,27975050,04151,서울특별시 마포구 백범로20길 26. 1층 (대흥동),지에스25(GS25)대흥백범점,37.5457858,126.944051,20201022 ,제7조의3제2항에따른경우,
서울특별시,마포구,20201015 ,,영업/정상,정상영업,,,,,232113905,04102,서울특별시 마포구 신촌로20길 12. 101호 (노고산동),지에스25 노고산호호점,37.5546121,126.938102,20201015 ,제7조의3제2항에따른경우,
서울특별시,마포구,20201006 ,,영업/정상,정상영업,,,,,,03972,서울특별시 마포구 월드컵북로12안길 74. 1층 (성산동. 풍림주택),GS25 성산한맥점,37.564687,126.913295,20201006 ,제7조의3제2항에따른경우,
서울특별시,마포구,20201006 ,,영업/정상,정상영업,,,,,,04028,서울특별시 마포구 희우정로1길 7. 2층 (합정동),지에스이십오(GS25) YG 신사옥,37.5488598,126.907958,20201006 ,제7조의3제2항에따른경우,
서울특별시,마포구,20200924 ,,영업/정상,정상영업,,,,,,04059,서울특별시 마포구 와우산로 100 (서교동),로그인홍대점,37.5528076,126.924686,20200924 ,제7조의3제2항에따른경우,
서울특별시,마포구,20200923 ,,영업/정상,정상영업,,,,,,03903,서울특별시 마포구 상암산로1길 92. 101호 (상암동. 상암월드컵파크 7단지),지에스(GS)25 상암7단지점,37.5816659,126.881266,20200923 ,제7조의3제2항에따른경우,
서울특별시,마포구,20200916 ,,영업/정상,정상영업,,,,,,04045,서울특별시 마포구 양화로 58. 명지한강빌드웰 1층 101호 (서교동),씨유 합정역빌드웰점,37.5500079,126.915421,20200916 ,제7조의3제2항에따른경우,
서울특별시,마포구,20200903 ,,영업/정상,정상영업,,,,,,04157,서울특별시 마포구 독막로 320. 마포 태영 데시앙 108호 (도화동),지에스(GS)25 공덕태영점,37.5429247,126.94786,20200903 ,제7조의3제2항에따른경우,
서울특별시,마포구,20200815 ,,영업/정상,정상영업,,,,,,03938,서울특별시 마포구 월드컵로34길 20. 동우 자인채 스토리 상암 102.103.104호 (성산동),세븐일레븐 성산동우점,37.5651479,126.903601,20200815 ,제7조의3제3항에따른경우,
서울특별시,마포구,20200805 ,,영업/정상,정상영업,,,,,,03905,서울특별시 마포구 월드컵로42길 40. 상암근린상가 1층 122호 (상암동),크린365편의점,37.5801515,126.880686,20200805 ,제7조의3제2항에따른경우,
서울특별시,마포구,20200731 ,,영업/정상,정상영업,,,,,,04149,서울특별시 마포구 백범로16안길 3. 1층 (대흥동),세븐일레븐 경의숲길점,37.5466865,126.94221,20200731 ,제7조의3제2항에따른경우,
서울특별시,마포구,20200728 ,,영업/정상,정상영업,,,,,,04012,서울특별시 마포구 동교로9길 65. 1층 (망원동. 썬유빌),씨유 망원우리점,37.5564307,126.908694,20200728 ,제7조의3제2항에따른경우,
서울특별시,마포구,20200720 ,,영업/정상,정상영업,,,,,,04087,서울특별시 마포구 독막로 176. 1층 (구수동),미니스톱 광흥창역점,37.5472096,126.933045,20200720 ,제7조의3제2항에따른경우,
서울특별시,마포구,20200713 ,,영업/정상,정상영업,,,,,,04168,서울특별시 마포구 마포대로 68. 2층 202호 (도화동. 마포아크로타워),버나드전자담배,37.5412413,126.948945,20200713 ,제7조의3제3항에따른경우,
서울특별시,마포구,20200706 ,,영업/정상,정상영업,,,,,,04212,서울특별시 마포구 마포대로 130. 동방빌딩 지하1층 (공덕동),세븐일레븐공덕역4번출구점,37.5459128,126.952956,20200706 ,제7조의3제3항에따른경우,
서울특별시,마포구,20200706 ,,영업/정상,정상영업,,,,,,04109,서울특별시 마포구 백범로 42. 서강재 1층 103호 (신수동),서강VAPE,37.5508944,126.937593,20200706 ,제7조의3제2항에따른경우,
서울특별시,마포구,20200706 ,,영업/정상,정상영업,,,,,15770711,03925,서울특별시 마포구 월드컵북로 396. 누리꿈스퀘어 1층 제알 107호 (상암동),(주)코리아세븐 상암누리꿈스퀘어점,37.579396,126.889794,20200706 ,제7조의3제2항에따른경우,
서울특별시,마포구,20200629 ,,영업/정상,정상영업,,,,,,04058,서울특별시 마포구 신촌로 94. 그랜드플라자 지하1~3층 (노고산동),(주) 이마트 신촌점,37.5549516,126.935973,20200629 ,제7조의3제3항에따른경우,
서울특별시,마포구,20200629 ,,영업/정상,정상영업,,,,,,04083,서울특별시 마포구 토정로 131 (합정동),지에스(GS)25 마포당인점,37.5457959,126.912413,20200629 ,제7조의3제2항에따른경우,
서울특별시,마포구,20200623 ,,영업/정상,정상영업,,,,,,03938,서울특별시 마포구 월드컵로34길 18. 상암 수린나 오피스텔 1층 101호 (성산동),코어디테일링(CORE DETAILING),37.5652574,126.904141,20200623 ,제7조의3제2항에따른경우,
서울특별시,마포구,20200623 ,,영업/정상,정상영업,,,,,,04074,서울특별시 마포구 독막로 84 (상수동),롯데부동산공인중개사사무소,37.5475392,126.922611,20200623 ,제7조의3제2항에따른경우,
서울특별시,마포구,20200608 ,,영업/정상,정상영업,,,,,,04090,서울특별시 마포구 독막로 230. 1층 (신수동),지에스(GS)25 신수우리점,37.5469262,126.938995,20200608 ,제7조의3제2항에따른경우,
서울특별시,마포구,20200605 ,,영업/정상,정상영업,,,,,,04044,서울특별시 마포구 양화로 72. 1층 108호 (서교동),지에스25 합정해링턴점,37.5507398,126.91671,20200605 ,제7조의3제2항에따른경우,
서울특별시,마포구,20200520 ,,영업/정상,정상영업,,,,,,04111,서울특별시 마포구 서강대길 40. 상가동101.102호 (대흥동. 마포자이2차아파트),미니스톱 마포서강점,37.5495326,126.939965,20200520 ,제7조의3제2항에따른경우,
서울특별시,마포구,20200518 ,,영업/정상,정상영업,,,,,,04185,서울특별시 마포구 만리재로 94. B01호 (공덕동),지에스25공덕블레스점,37.548547,126.959637,20200518 ,제7조의3제2항에따른경우,
서울특별시,마포구,20200514 ,,영업/정상,정상영업,,,,,,03999,서울특별시 마포구 성미산로 60. 1층 (성산동),지에스(GS)25 성산퍼펙트점,37.5592668,126.914913,20200514 ,제7조의3제2항에따른경우,
서울특별시,마포구,20200511 ,,영업/정상,정상영업,,,,,,04071,서울특별시 마포구 성지3길 19. 코너점포 전체 1층 (합정동),씨유 합정삼거리점,37.546751,126.914174,20200511 ,제7조의3제2항에따른경우,
서울특별시,마포구,20200507 ,,영업/정상,정상영업,,,,,,03928,서울특별시 마포구 성암로 지하 184. 역사내 공항철도 디지털미디어시티역 (상암동),지에스25S디지털미디어시티역,37.576752,126.89891,20200507 ,제7조의3제2항에따른경우,
서울특별시,마포구,20200501 ,,영업/정상,정상영업,,,,,,04057,서울특별시 마포구 신촌로16길 24. 1층 1호 (노고산동),한국유통,37.554581,126.934348,20200501 ,제7조의3제2항에따른경우,
서울특별시,마포구,20200417 ,,영업/정상,정상영업,,,,,23122080,03932,서울특별시 마포구 월드컵로 240. 월드컵주경기장 (성산동),홈플러스(주) 월드컵점,37.5677584,126.898115,20200417 ,제7조의3제3항에따른경우,
서울특별시,마포구,20200408 ,,영업/정상,정상영업,,,,,,04144,서울특별시 마포구 마포대로 127. 풍림브이아이피텔 104호 (공덕동),지에스(GS)25 마포풍림점,37.546004,126.952186,20200408 ,제7조의3제2항에따른경우,
서울특별시,마포구,20200316 ,,영업/정상,정상영업,,,,,,04105,서울특별시 마포구 대흥로 175. 4동 1층 104호 (대흥동. 신촌그랑자이),씨유 신촌그랑자이점,37.554691,126.945697,20200316 ,제7조의3제2항에따른경우,
서울특별시,마포구,20200312 ,,영업/정상,정상영업,,,,,,04057,서울특별시 마포구 신촌로16길 34. 1층 (노고산동),씨유 신촌 노고산점,37.5579504,126.928129,20200312 ,제7조의3제2항에따른경우,
서울특별시,마포구,20200311 ,,영업/정상,정상영업,,,,,,04091,서울특별시 마포구 토정로18길 11. 단지내 상가 108호 (현석동. 래미안웰스트림),우리홈마트,37.5431505,126.935149,20200311 ,제7조의3제2항에따른경우,
서울특별시,마포구,20200309 ,,영업/정상,정상영업,,,,,,03960,서울특별시 마포구 방울내로 65. 1층 (망원동),세븐일레븐 망원본점,37.5599577,126.902506,20200309 ,제7조의3제2항에따른경우,
서울특별시,마포구,20200221 ,,영업/정상,정상영업,,,,,,04004,서울특별시 마포구 월드컵로 64. 1층 (서교동),GS25 서교리치점,37.5550092,126.911355,20200221 ,제7조의3제2항에따른경우,
서울특별시,마포구,20200218 ,,영업/정상,정상영업,,,,,,03999,서울특별시 마포구 월드컵북로 49. 1층 103호 (서교동),해바라기마트,37.5585253,126.917463,20200218 ,제7조의3제2항에따른경우,
서울특별시,마포구,20200212 ,,영업/정상,정상영업,,,,,,03955,서울특별시 마포구 방울내로9안길 104. 101호 (망원동. 라비앙로즈),핸썸가이,37.5597227,126.897791,20200212 ,제7조의3제2항에따른경우,
서울특별시,마포구,20200204 ,,영업/정상,정상영업,,,,,,04014,서울특별시 마포구 월드컵로13길 37. 1층 (망원동),청춘야채과일,37.5553379,126.908123,20200204 ,제7조의3제2항에따른경우,
서울특별시,마포구,20200121 ,,영업/정상,정상영업,,,,,,04049,서울특별시 마포구 와우산로11길 28. 지층 (상수동),지에스25 상수행복점,37.548694,126.921389,20200121 ,제7조의3제2항에따른경우,
서울특별시,마포구,20200115 ,,영업/정상,정상영업,,,,,,04075,서울특별시 마포구 와우산로 12. 제이캐슬레지던스 지1층 103호.104호 (상수동),씨유 상수사거리점,37.5455408,126.923117,20200115 ,제7조의3제2항에따른경우,
서울특별시,마포구,20200115 ,,영업/정상,정상영업,,,,,,04029,서울특별시 마포구 월드컵로8길 27. 1층 (서교동),씨유 서교보석점,37.553204,126.913758,20200115 ,제7조의3제2항에따른경우,
서울특별시,마포구,20200115 ,,영업/정상,정상영업,,,,,23220924,04031,서울특별시 마포구 동교로18길 30. 효영빌딩 1층 (서교동),GS25 서교이삭길,37.5539519,126.917476,20200115 ,제7조의3제2항에따른경우,
서울특별시,마포구,20200109 ,,영업/정상,정상영업,,,,,,03907,서울특별시 마포구 월드컵북로 381. 상가동 111호 (상암동. 상암 월드컵파크 4단지),씨유 상암4단지점,37.5776394,126.888634,20200109 ,제7조의3제2항에따른경우,
서울특별시,마포구,20191230 ,,영업/정상,정상영업,,,,,,03992,서울특별시 마포구 동교로25길 15. 1층 (동교동),지에스25 동교타운점,37.5576784,126.921512,20191230 ,제7조의3제2항에따른경우,
서울특별시,마포구,20191230 ,,영업/정상,정상영업,,,,,,03964,서울특별시 마포구 망원로 95. 1층 (망원동),씨유 망원월드컵점,37.5579384,126.907262,20191230 ,제7조의3제2항에따른경우,
서울특별시,마포구,20191216 ,,영업/정상,정상영업,,,,,,04023,서울특별시 마포구 월드컵로 37. 합정동웰빙센터 102호. 103호. 104호 (합정동),지에스25 합정웰빙점,37.5525353,126.911893,20191216 ,제7조의3제2항에따른경우,
서울특별시,마포구,20191213 ,,영업/정상,정상영업,,,,,,03900,서울특별시 마포구 마포나루길 316. 미니스톱 한강난지1점 (상암동),(주) 한강의꿈 미니스톱 한강난지1점,37.5599697,126.888096,20191213 ,제7조의3제2항에따른경우,
서울특별시,마포구,20191213 ,,영업/정상,정상영업,,,,,,03900,서울특별시 마포구 마포나루길 216. 미니스톱 한강난지2점 (상암동),(주) 한강의꿈 미니스톱 한강난지2점,37.5647907,126.879003,20191213 ,제7조의3제2항에따른경우,
서울특별시,마포구,20191202 ,,영업/정상,정상영업,,,,,,04049,서울특별시 마포구 독막로 73. 1층 (상수동),파스(PAS),37.5479333,126.921469,20191202 ,제7조의3제2항에따른경우,
서울특별시,마포구,20191127 ,,영업/정상,정상영업,,,,,,04175,서울특별시 마포구 마포대로 12. 한신빌딩 1층 1011호. 1012호 (마포동),미니스톱 마포한신점,37.5378433,126.94439,20191127 ,제7조의3제2항에따른경우,
서울특별시,마포구,20191118 ,,영업/정상,정상영업,,,,,,04048,서울특별시 마포구 독막로7길 34. 서교빌딩 2층 (서교동),언노운 인더스트리,37.5492805,126.919509,20191118 ,제7조의3제2항에따른경우,
서울특별시,마포구,20191114 ,,영업/정상,정상영업,,,,,,03939,서울특별시 마포구 모래내로3길 2. 성산동성아파트 제상가동 102호 (성산동),지에스25 마포왕연점,37.5647969,126.905586,20191114 ,제7조의3제2항에따른경우,
서울특별시,마포구,20191108 ,,영업/정상,정상영업,,,,,,04088,서울특별시 마포구 토정로17길 17. 1층 (신수동),신수할인마트,37.5453998,126.935591,20191108 ,제7조의3제2항에따른경우,
서울특별시,마포구,20191023 ,,영업/정상,정상영업,,,,,,04146,서울특별시 마포구 마포대로 109. 제비123호 (공덕동. 롯데캐슬프레지던트),헬스 앤 스모크 인터섹션 카페,37.5448909,126.950607,20191023 ,제7조의3제3항에따른경우,
서울특별시,마포구,20191022 ,,영업/정상,정상영업,,,,,,03950,서울특별시 마포구 성암로3길 14. 1층 (중동),금광복권판매소,37.5688801,126.911114,20191022 ,제7조의3제2항에따른경우,
서울특별시,마포구,20191021 ,,영업/정상,정상영업,,,,,,04056,서울특별시 마포구 양화로 192. 1층 102호 (동교동),슈퍼스타,37.5582843,126.926206,20191021 ,제7조의3제2항에따른경우,
서울특별시,마포구,20191015 ,,영업/정상,정상영업,,,,,23721359,03946,서울특별시 마포구 월드컵북로 190 (성산동),새수정슈퍼,37.5683241,126.907888,20191015 ,제7조의3제2항에따른경우,
서울특별시,마포구,20191008 ,,영업/정상,정상영업,,,,,,04175,서울특별시 마포구 마포대로 20. 다보빌딩 지하1층 (마포동),진식품,37.5383988,126.944946,20191008 ,제7조의3제3항에따른경우,
서울특별시,마포구,20191007 ,,영업/정상,정상영업,,,,,,04130,서울특별시 마포구 마포대로 173. 마포현대하이엘 1층 105호 (공덕동),이마트24 마포하이엘점,37.5498579,126.954419,20191007 ,제7조의3제3항에따른경우,
서울특별시,마포구,20191004 ,,영업/정상,정상영업,,,,,,03923,서울특별시 마포구 월드컵북로56길 9 (주)우리기술 사옥 1층 101호 (상암동),세븐일레븐 상암우리점,37.5813475,126.887425,20191004 ,제7조의3제2항에따른경우,
서울특별시,마포구,20190930 ,,영업/정상,정상영업,,,,,,04094,서울특별시 마포구 광성로 17. 단지내상가 116호. 117(일부)호 (신수동. 신촌숲아이파크),씨유 신촌숲아이파크점,37.5499797,126.934979,20190930 ,제7조의3제2항에따른경우,
서울특별시,마포구,20190925 ,,영업/정상,정상영업,,,,,23353512,04041,서울특별시 마포구 어울마당로 74. 서교동 금광빌딩 (서교동),코리아세븐 홍대스타점,37.5515945,126.92159,20190925 ,제7조의3제2항에따른경우,
서울특별시,마포구,20190925 ,,영업/정상,정상영업,,,,,260811306,04074,서울특별시 마포구 독막로14길 32. 이현h 2층 (상수동),베이프타임,37.547439,126.921863,20190925 ,제7조의3제2항에따른경우,
서울특별시,마포구,20190920 ,,영업/정상,정상영업,,,,,,03994,서울특별시 마포구 양화로19길 14. 1.2층 (동교동),세븐일레븐 연트럴파크점,37.5581466,126.924238,20190920 ,제7조의3제2항에따른경우,
서울특별시,마포구,20190902 ,,영업/정상,정상영업,,,,,,04083,서울특별시 마포구 토정로 33. 1층 (합정동),대호공인중개사사무소,37.5457082,126.914532,20190902 ,제7조의3제2항에따른경우,
서울특별시,마포구,20190829 ,,영업/정상,정상영업,,,,,,03995,서울특별시 마포구 동교로 190. 1층 (동교동),씨유 홍대동교로점,37.5570342,126.922505,20190829 ,제7조의3제2항에따른경우,
서울특별시,마포구,20190827 ,,영업/정상,정상영업,,,,,,03980,서울특별시 마포구 성미산로29길 44. 3.4층 (연남동),베놈,37.5658249,126.921939,20190827 ,제7조의3제2항에따른경우,
서울특별시,마포구,20190819 ,,영업/정상,정상영업,,,,,,03958,서울특별시 마포구 망원로3길 8. 1층 (망원동),지에스25 망원하늘점,37.5571135,126.901675,20190819 ,제7조의3제2항에따른경우,
서울특별시,마포구,20190812 ,,영업/정상,정상영업,,,,,,03998,서울특별시 마포구 성미산로 42 (성산동),토마토24성산제일점,37.5588254,126.912866,20190812 ,제7조의3제2항에따른경우,
서울특별시,마포구,20190806 ,,영업/정상,정상영업,,,,,23045550,03930,서울특별시 마포구 매봉산로2길 45. 해나리빌딩 1층 (상암동),지에스25상암타운점,37.5772931,126.895889,20190806 ,제7조의3제2항에따른경우,
서울특별시,마포구,20190801 ,,영업/정상,정상영업,,,,,269161500,04052,서울특별시 마포구 와우산로29길 48. 1층 (서교동),이마트24 홍대서교점,37.5557599,126.927618,20190801 ,제7조의3제2항에따른경우,
서울특별시,마포구,20190730 ,,영업/정상,정상영업,,,,,23368544,03966,서울특별시 마포구 월드컵북로 137. 씨에스타워 지하층 (성산동),하나마트,37.5647835,126.911639,20190730 ,제7조의3제2항에따른경우,
서울특별시,마포구,20190730 ,,영업/정상,정상영업,,,,,,03946,서울특별시 마포구 모래내로7길 62. 1층 102호 (성산동),배곧마트,37.5676605,126.909589,20190730 ,제7조의3제2항에따른경우,
서울특별시,마포구,20190722 ,,영업/정상,정상영업,,,,,,03938,서울특별시 마포구 월드컵로 190. 이안상암Ⅱ 상가1층 105호 (성산동),씨유 월드컵공원점,37.564068,126.903259,20190722 ,제7조의3제2항에따른경우,
서울특별시,마포구,20190719 ,,영업/정상,정상영업,,,,,,04175,서울특별시 마포구 마포대로 12. 지하1층 118호 (마포동),한신매점,37.5378262,126.944381,20190719 ,제7조의3제3항에따른경우,
서울특별시,마포구,20190711 ,,영업/정상,정상영업,,,,,,04161,서울특별시 마포구 토정로31길 23. 래미안 마포 리버웰 121동 118호 (용강동),햇빛공인중개사사무소,37.5420547,126.94235,20190711 ,제7조의3제2항에따른경우,
서울특별시,마포구,20190711 ,,영업/정상,정상영업,,,,,,03981,서울특별시 마포구 연희로 43. 1층 101.102호 (연남동),세븐일레븐 연희로점,37.5625741,126.927489,20190711 ,제7조의3제2항에따른경우,
서울특별시,마포구,20190710 ,,영업/정상,정상영업,,,,,23364554,04022,서울특별시 마포구 동교로 601. 1층 (합정동),굿 샵,37.5532133,126.909007,20190710 ,제7조의3제2항에따른경우,
서울특별시,마포구,20190704 ,,영업/정상,정상영업,,,,,,04092,서울특별시 마포구 신수로 27. 1층 (현석동),한아름마트,37.5440309,126.933958,20190704 ,제7조의3제2항에따른경우,
서울특별시,마포구,20190704 ,,영업/정상,정상영업,,,,,,04053,서울특별시 마포구 와우산로27길 24. 뉴빌503 1층 2호 (서교동),세븐일레븐 서교일등점,37.5542785,126.927209,20190704 ,제7조의3제2항에따른경우,
서울특별시,마포구,20190625 ,,영업/정상,정상영업,,,,,,04055,서울특별시 마포구 홍익로 10. 101동 1층 1081호 (서교동. 서교푸르지오),시가케이홍대점,37.553716,126.923624,20190625 ,제7조의3제3항에따른경우,
서울특별시,마포구,20190614 ,,영업/정상,정상영업,,,,,,04137,서울특별시 마포구 백범로 117. 1층 (염리동),씨유 염리대흥점,37.5469807,126.944373,20190614 ,제7조의3제2항에따른경우,
서울특별시,마포구,20190611 ,,영업/정상,정상영업,,,,,,04017,서울특별시 마포구 희우정로 70. 1층 (망원동),망원편의점,37.5524394,126.904538,20190611 ,제7조의3제2항에따른경우,
서울특별시,마포구,20190610 ,,영업/정상,정상영업,,,,,,03999,서울특별시 마포구 동교로19길 86 (성산동),씨유성산미래점,37.5591402,126.916434,20190610 ,제7조의3제2항에따른경우,
서울특별시,마포구,20190530 ,,영업/정상,정상영업,,,,,23235573,03996,서울특별시 마포구 월드컵로16길 3. 맨토스빌딩 1층 (서교동),지에스25마포한우물점,37.5570369,126.909741,20190530 ,제7조의3제2항에따른경우,
서울특별시,마포구,20190527 ,,영업/정상,정상영업,,,,,,04052,서울특별시 마포구 와우산로35길 714. 1층 (서교동),몬스터즈 베이프 홍대,37.5562862,126.926842,20190527 ,제7조의3제2항에따른경우,
서울특별시,마포구,20190522 ,,영업/정상,정상영업,,,,,,03938,서울특별시 마포구 월드컵로 190. 이안상암Ⅱ 제상가제1층 107호 (성산동),베이프랩(마포점),37.564068,126.903259,20190522 ,제7조의3제3항에따른경우,
서울특별시,마포구,20190509 ,,영업/정상,정상영업,,,,,,03983,서울특별시 마포구 동교로 2611 (연남동),씨유 마포연남점,37.5631485,126.925061,20190509 ,제7조의3제2항에따른경우,
서울특별시,마포구,20190509 ,,영업/정상,정상영업,,,,,27164900,04214,서울특별시 마포구 마포대로6길 10 (공덕동),대륙마트,37.5451854,126.953434,20190509 ,제7조의3제2항에따른경우,
서울특별시,마포구,20190430 ,,영업/정상,정상영업,,,,,,04053,서울특별시 마포구 와우산로27길 48. 1층 좌측호 (서교동),이마트24서교초점,37.5549583,126.925966,20190430 ,제7조의3제2항에따른경우,
서울특별시,마포구,20190426 ,,영업/정상,정상영업,,,,,27160213,04090,서울특별시 마포구 독막로28길 7. 101동 113호 (신수동. 성원아파트),세븐일레븐 신수크리스마스점,37.5467393,126.937549,20190426 ,제7조의3제2항에따른경우,
서울특별시,마포구,20190419 ,,영업/정상,정상영업,,,,,,04129,서울특별시 마포구 마포대로 195. 상가4동 117호 (아현동. 마포 래미안 푸르지오),지에스25 아현뉴타운점,37.5458958,126.951506,20190419 ,제7조의3제2항에따른경우,
서울특별시,마포구,20190415 ,,영업/정상,정상영업,,,,,,04051,서울특별시 마포구 양화로 188. 애경타워 1층 108호 (동교동),씨유 에이케이&홍대점,37.552785,126.918613,20190415 ,제7조의3제3항에따른경우,
서울특별시,마포구,20190329 ,,영업/정상,정상영업,,,,,,03905,서울특별시 마포구 상암산로1길 77. 상암 타워클리닉 제1층 102호 (상암동),씨유 상암스위트,37.5802186,126.882955,20190329 ,제7조의3제2항에따른경우,
서울특별시,마포구,20190327 ,,영업/정상,정상영업,,,,,,04091,서울특별시 마포구 신수로 32. 1층 (현석동),지에스25 현석신수로점,37.5444219,126.934361,20190327 ,제7조의3제2항에따른경우,
서울특별시,마포구,20190326 ,,영업/정상,정상영업,,,,,,04153,서울특별시 마포구 독막로 266. 제남상가동 제1층 제101호.제107호 (대흥동. 대흥동태영아파트),세븐일레븐 대흥미소점,37.54477,126.942607,20190326 ,제7조의3제2항에따른경우,
서울특별시,마포구,20190306 ,,영업/정상,정상영업,,,,,,04070,서울특별시 마포구 양화로 26. 203호 (합정동. KCC엠파이어리버),쓰리탑스,37.5482331,126.912102,20190306 ,제7조의3제3항에따른경우,
서울특별시,마포구,20190306 ,,영업/정상,정상영업,,,,,23730408,03948,서울특별시 마포구 월드컵북로 171 (성산동),씨유 마포성산점,37.5672009,126.909484,20190306 ,제7조의3제2항에따른경우,
서울특별시,마포구,20190306 ,,영업/정상,정상영업,,,,,,03908,서울특별시 마포구 월드컵북로 375. DMC 이안상암1단지 1층 113호 (상암동),미니스톱 상암센트럴점,37.5773051,126.890636,20190306 ,제7조의3제2항에따른경우,
서울특별시,마포구,20190304 ,,영업/정상,정상영업,,,,,,03926,서울특별시 마포구 상암산로 76. YTN 뉴스퀘어 지하1층 (상암동),씨유상암YTN사옥점,37.5791989,126.892349,20190304 ,제7조의3제3항에따른경우,
서울특별시,마포구,20190227 ,,영업/정상,정상영업,,,,,,04003,서울특별시 마포구 잔다리로 89. 1.2층 (서교동),하모니마트 서교점,37.5550889,126.915321,20190227 ,제7조의3제2항에따른경우,
서울특별시,마포구,20190226 ,,영업/정상,정상영업,,,,,,03927,서울특별시 마포구 매봉산로 80. PARK M 16.17호 (상암동),씨유 마포상암파크엠점,37.5750029,126.890779,20190226 ,제7조의3제2항에따른경우,
서울특별시,마포구,20190222 ,,영업/정상,정상영업,,,,,,03909,서울특별시 마포구 상암산로 34. 지하1층 B131호 (상암동),이마트24 디지털큐브점,37.5784516,126.891539,20190222 ,제7조의3제3항에따른경우,
서울특별시,마포구,20190221 ,,영업/정상,정상영업,,,,,,04049,서울특별시 마포구 독막로 지하 85. 상수역 (상수동),지에스25 S6상수역,37.5497484,126.92269,20190221 ,제7조의3제3항에따른경우,
서울특별시,마포구,20190212 ,,영업/정상,정상영업,,,,,,03927,서울특별시 마포구 월드컵북로 346. 1층 (상암동),초코폰,37.5766154,126.893575,20190212 ,제7조의3제2항에따른경우,
서울특별시,마포구,20190128 ,,영업/정상,정상영업,,,,,,03927,서울특별시 마포구 성암로 215. 1층 (상암동),요가파이어,37.578422,126.89588,20190128 ,제7조의3제2항에따른경우,
서울특별시,마포구,20190124 ,,영업/정상,정상영업,,,,,,03974,서울특별시 마포구 연남로 97. 1층 (연남동),CU연남고가,37.5668719,126.917408,20190124 ,제7조의3제2항에따른경우,
서울특별시,마포구,20190121 ,,영업/정상,정상영업,,,,,,03996,서울특별시 마포구 월드컵로14길 5. 1층 (서교동),CU 마포제일점,37.5559553,126.910675,20190121 ,제7조의3제2항에따른경우,
서울특별시,마포구,20190115 ,,영업/정상,정상영업,,,,,,04041,서울특별시 마포구 잔다리로 12. 홍석빌딩 1층 일부호 (서교동),세븐일레븐 홍대그린점,37.5520911,126.92042,20190115 ,제7조의3제2항에따른경우,
서울특별시,마포구,20190109 ,,영업/정상,정상영업,,,,,,04136,서울특별시 마포구 대흥로 94. 크로바빌딩 1층 일부호 (대흥동),베스트원 전자담배(대흥역점),37.5480642,126.94239,20190109 ,제7조의3제2항에따른경우,
서울특별시,마포구,20190109 ,,영업/정상,정상영업,,,,,,04037,서울특별시 마포구 양화로11길 45. 1층 일부호 (서교동),GS25 합정 온누리점,37.5521447,126.91438,20190109 ,제7조의3제2항에따른경우,
서울특별시,마포구,20181231 ,,영업/정상,정상영업,,,,,,03965,서울특별시 마포구 월드컵로32길 31. 1층 (성산동),씨유 성산책길희망점,37.5628871,126.90631,20181231 ,제7조의3제2항에따른경우,
서울특별시,마포구,20181220 ,,영업/정상,정상영업,,,,,231447887,04002,서울특별시 마포구 월드컵북로5나길 18. 1층 122호 외 다수호 (서교동. 서교동 대우미래사랑),(주)대우농수산마트,37.5570602,126.91678,20181220 ,제7조의3제3항에따른경우,
서울특별시,마포구,20181219 ,,영업/정상,정상영업,,,,,,03925,서울특별시 마포구 월드컵북로 402. 케이지아이티센터 1층 129호 (상암동),원더베이프(상암),37.5801248,126.888959,20181219 ,제7조의3제2항에따른경우,
서울특별시,마포구,20181214 ,,영업/정상,정상영업,,,,,,03977,서울특별시 마포구 성미산로 103. 1층 (연남동),씨유 마포경성점,37.5617688,126.91852,20181214 ,제7조의3제2항에따른경우,
서울특별시,마포구,20181207 ,,영업/정상,정상영업,,,,,,03992,서울특별시 마포구 월드컵북로 20 (동교동),미니스톱 동교스텔라점,37.5566645,126.920108,20181207 ,제7조의3제2항에따른경우,
서울특별시,마포구,20181207 ,,영업/정상,정상영업,,,,,215770711,04196,서울특별시 마포구 백범로 192. 에쓰오일사옥빌딩 지하 1층 (공덕동),(주)코리아세븐 서강대르메이에르점(자동판매기 설치 점포),37.5431932,126.951604,20181207 ,제7조의3제3항에따른경우,
서울특별시,마포구,20181203 ,,영업/정상,정상영업,,,,,,04169,서울특별시 마포구 새창로 28. 1층 (도화동),세븐일레븐 공덕10번출구점,37.5416235,126.952919,20181203 ,제7조의3제2항에따른경우,
서울특별시,마포구,20181127 ,,영업/정상,정상영업,,,,,,04146,서울특별시 마포구 마포대로 109. 2층 (공덕동. 롯데캐슬프레지던트),세븐일레븐 롯데시티호텔마포점,37.5448909,126.950607,20181127 ,제7조의3제3항에따른경우,
서울특별시,마포구,20181114 ,,영업/정상,정상영업,,,,,,04127,서울특별시 마포구 숭문길 98. 상가(101)동 101호 (염리동. 마포자이3차),씨유 마포자이3차,37.5502524,126.946051,20181114 ,제7조의3제2항에따른경우,
서울특별시,마포구,20181108 ,,영업/정상,정상영업,,,,,,04166,서울특별시 마포구 토정로31길 24. 지층 1비109호 (용강동. e편한세상 마포3차),마포에이원공인중개사사무소,37.5417842,126.942934,20181108 ,제7조의3제2항에따른경우,
서울특별시,마포구,20181024 ,,영업/정상,정상영업,,,,,,03954,서울특별시 마포구 마포나루길 407 (망원동),주식회사 인더라인25(망원1호점),37.5546098,126.89571,20181024 ,제7조의3제2항에따른경우,
서울특별시,마포구,20181018 ,,영업/정상,정상영업,,,,,,03991,서울특별시 마포구 연남로3길 61. 1층 (연남동),지에스25 뉴연남제일점,37.5598185,126.919651,20181018 ,제7조의3제2항에따른경우,
서울특별시,마포구,20181011 ,,영업/정상,정상영업,,,,,,04048,서울특별시 마포구 어울마당로 47. 1층 일부 (서교동),홍대전자담배 마마코,37.5494218,126.920576,20181011 ,제7조의3제2항에따른경우,
서울특별시,마포구,20181005 ,,영업/정상,정상영업,,,,,231496551,04130,서울특별시 마포구 마포대로 183. 서울마포경찰서 별관2층 구내매점 (아현동),서울마포경찰서 복지위원회,37.550814,126.954028,20181005 ,제7조의3제2항에따른경우,
서울특별시,마포구,20181002 ,,영업/정상,정상영업,,,,,,04050,서울특별시 마포구 양화로 156. LG팰리스빌딩 B213호 (동교동),(주)씨티플래너스에이앤디(홍대역 옐로우 물품보관소),37.5560805,126.923445,20181002 ,제7조의3제3항에따른경우,
서울특별시,마포구,20181002 ,,영업/정상,정상영업,,,,,,04042,서울특별시 마포구 잔다리로6길 209. 로이스퀘어 6층 (서교동),용트림,37.5519088,126.920686,20181002 ,제7조의3제2항에따른경우,
서울특별시,마포구,20180921 ,,영업/정상,정상영업,,,,,,03989,서울특별시 마포구 동교로 2275. 1층 좌측호 (연남동),고릴라파이프(연남동점),37.5605244,126.923645,20180921 ,제7조의3제2항에따른경우,
서울특별시,마포구,20180921 ,,영업/정상,정상영업,,,,,,04047,서울특별시 마포구 양화로6길 76. 3층 (합정동),콤마베이프,37.5483388,126.918214,20180921 ,제7조의3제2항에따른경우,
서울특별시,마포구,20180919 ,,영업/정상,정상영업,,,,,,04145,서울특별시 마포구 마포대로 1158. 상가동 108. 109호 (공덕동. 공덕삼성아파트),지에스25 공덕삼성점,37.5467117,126.950987,20180919 ,제7조의3제2항에따른경우,
서울특별시,마포구,20180919 ,,영업/정상,정상영업,,,,,231410711,04057,서울특별시 마포구 신촌로14길 5. 1층 (노고산동),세븐일레븐 마포노고산점,37.5556245,126.933957,20180919 ,제7조의3제2항에따른경우,
서울특별시,마포구,20180914 ,,영업/정상,정상영업,,,,,,03918,서울특별시 마포구 월드컵북로 50236. 상가동 106호 (상암동. 상암월드컵파크10단지),참존마트,37.5853823,126.882182,20180914 ,제7조의3제2항에따른경우,
서울특별시,마포구,20180824 ,,영업/정상,정상영업,,,,,,04213,서울특별시 마포구 마포대로 지하 100. 공덕역 지하1층 1011호 (공덕동),(주)코리아세븐 S공덕역점,37.5512023,126.958502,20180824 ,제7조의3제3항에따른경우,
서울특별시,마포구,20180824 ,,영업/정상,정상영업,,,,,,04157,서울특별시 마포구 마포대로 69 (도화동),SK에너지(주) 양지주유소,37.542017,126.948632,20180824 ,제7조의3제2항에따른경우,
서울특별시,마포구,20180823 ,,영업/정상,정상영업,,,,,,04202,서울특별시 마포구 만리재옛길 103 (아현동),지에스25 마포만리재점,37.5513406,126.961724,20180823 ,제7조의3제2항에따른경우,
서울특별시,마포구,20180820 ,,영업/정상,정상영업,,,,,,04149,서울특별시 마포구 백범로 96. 1층 (대흥동),씨유(CU) 대흥역점,37.5476075,126.942023,20180820 ,제7조의3제2항에따른경우,
서울특별시,마포구,20180725 ,,영업/정상,정상영업,,,,,,04129,서울특별시 마포구 마포대로 195. 제상가1동 제1층 제101. 102호 (아현동. 마포 래미안 푸르지오),씨유 마포래미안푸르지오,37.5458958,126.951506,20180725 ,제7조의3제2항에따른경우,
서울특별시,마포구,20180723 ,,영업/정상,정상영업,,,,,,03955,서울특별시 마포구 방울내로9안길 71. 101.102.103호 (망원동),GS25 망원오리엔탈점,37.5601779,126.899539,20180723 ,제7조의3제2항에따른경우,
서울특별시,마포구,20180717 ,,영업/정상,정상영업,,,,,,03977,서울특별시 마포구 연남로 47. 영진빌딩 1층 (연남동),연남공판장,37.5635175,126.920568,20180717 ,제7조의3제2항에따른경우,
서울특별시,마포구,20180713 ,,영업/정상,정상영업,,,,,,04108,서울특별시 마포구 백범로 29. 1층 (신수동),씨유(CU) 서강대점,37.5520811,126.937697,20180713 ,제7조의3제2항에따른경우,
서울특별시,마포구,20180713 ,,영업/정상,정상영업,,,,,,04039,서울특별시 마포구 양화로 10013. 1층 전체호 (서교동),씨유 서교3호점,37.5524755,126.919309,20180713 ,제7조의3제2항에따른경우,
서울특별시,마포구,20180713 ,,영업/정상,정상영업,,,,,,03978,서울특별시 마포구 월드컵북로 78. 1층 (성산동),씨유(CU)성산진영점,37.5608051,126.916114,20180713 ,제7조의3제2항에따른경우,
서울특별시,마포구,20180712 ,,영업/정상,정상영업,,,,,,04056,서울특별시 마포구 와우산로 167. 2층 (동교동),GS25 동교행복점,37.5558267,126.930709,20180712 ,제7조의3제2항에따른경우,
서울특별시,마포구,20180705 ,,영업/정상,정상영업,,,,,232848129,03905,서울특별시 마포구 상암산로1길 57 (상암동. 상암월드컵파크 6단지),세븐일레븐 상암월드컵단지점,37.5796765,126.884511,20180705 ,제7조의3제2항에따른경우,
서울특별시,마포구,20180705 ,,영업/정상,정상영업,,,,,,04054,서울특별시 마포구 와우산로25길 13. 1층 (서교동),지에스25 서교사랑점,37.5539441,126.925813,20180705 ,제7조의3제2항에따른경우,
서울특별시,마포구,20180627 ,,영업/정상,정상영업,,,,,,04103,서울특별시 마포구 백범로1길 84. 101호. 102호 (노고산동),지에스25 마포세울,37.5558343,126.941154,20180627 ,제7조의3제2항에따른경우,
서울특별시,마포구,20180622 ,,영업/정상,정상영업,,,,,,04075,서울특별시 마포구 독막로 100. 세방 글로벌시티 1층 (상수동),대농마트,37.5473695,126.924614,20180622 ,제7조의3제2항에따른경우,
서울특별시,마포구,20180620 ,,영업/정상,정상영업,,,,,,04083,서울특별시 마포구 성지3길 74. 1층 (합정동),세븐일레븐 합정당인점,37.5459552,126.916895,20180620 ,제7조의3제2항에따른경우,
서울특별시,마포구,20180618 ,,영업/정상,정상영업,,,,,,04207,서울특별시 마포구 마포대로16길 4. 1층 (공덕동),씨유 마포애오개,37.5508894,126.955928,20180618 ,제7조의3제2항에따른경우,
서울특별시,마포구,20180618 ,,영업/정상,정상영업,,,,,,04157,서울특별시 마포구 마포대로 73. SK허브그린 1층 108호 (도화동),CU마포SK점,37.5423308,126.948938,20180618 ,제7조의3제2항에따른경우,
서울특별시,마포구,20180525 ,,영업/정상,정상영업,,,,,,04038,서울특별시 마포구 홍익로5길 36. 1층 (서교동),이마트24 마포서교점,37.5535968,126.920437,20180525 ,제7조의3제2항에따른경우,
서울특별시,마포구,20180518 ,,영업/정상,정상영업,,,,,,04081,서울특별시 마포구 토정로 136. 1층 (상수동),GS25 상수강변점,37.5452211,126.926295,20180518 ,제7조의3제2항에따른경우,
서울특별시,마포구,20180503 ,,영업/정상,정상영업,,,,,,03938,서울특별시 마포구 모래내로 5. 상암우남퍼스트빌스타 1층 1031호 (성산동),세븐일레븐 마포우남점,37.5640601,126.90378,20180503 ,제7조의3제2항에따른경우,
서울특별시,마포구,20180501 ,,영업/정상,정상영업,,,,,,04168,서울특별시 마포구 마포대로 92. 효성해링턴 스퀘어 A동 9층 (도화동),세븐일레븐 공덕글래드호텔점,37.5426955,126.951741,20180501 ,제7조의3제2항에따른경우,
서울특별시,마포구,20180423 ,,영업/정상,정상영업,,,,,232848129,04006,서울특별시 마포구 희우정로 111. 1층 (망원동),세븐일레븐 망원보령점,37.5546436,126.900784,20180423 ,제7조의3제2항에따른경우,
서울특별시,마포구,20180417 ,,영업/정상,정상영업,,,,,,04037,서울특별시 마포구 양화로 59. 1층 우측  (서교동),GS25 합정본점,37.550638,126.914856,20180417 ,제7조의3제2항에따른경우,
서울특별시,마포구,20180413 ,,영업/정상,정상영업,,,,,23747137,03953,서울특별시 마포구 월드컵로 205. 도시개발공사성산아파트 104호 (성산동),진성미니슈퍼,37.564487,126.901036,20180413 ,제7조의3제2항에따른경우,
서울특별시,마포구,20180411 ,,영업/정상,정상영업,,,,,15770711,03985,서울특별시 마포구 동교로 232. 1층 (동교동),(주)코리아세븐 동교숲길점,37.5605416,126.924444,20180411 ,제7조의3제2항에따른경우,
서울특별시,마포구,20180410 ,,영업/정상,정상영업,,,,,,04214,서울특별시 마포구 만리재로 15. 제일빌딩 1층 10호 (공덕동),제일좋은공인중개사,37.5446204,126.952639,20180410 ,제7조의3제2항에따른경우,
서울특별시,마포구,20180410 ,,영업/정상,정상영업,,,,,30,04096,서울특별시 마포구 독막로 241. 금성빌딩  103호 (대흥동),GS25 대흥사거리점,37.5468699,126.940529,20180410 ,제7조의3제2항에따른경우,
서울특별시,마포구,20180406 ,,영업/정상,정상영업,,,,,,03938,서울특별시 마포구 월드컵로 지하 190. 마포구청역 (성산동),GS25 S6 마포구청역점,37.563418,126.903472,20180406 ,제7조의3제2항에따른경우,
서울특별시,마포구,20180403 ,,영업/정상,정상영업,,,,,,03912,서울특별시 마포구 월드컵북로47길 42. 상암월드컵파크 2단지 104.105호 (상암동),씨유 상암2단지점,37.5748656,126.89145,20180403 ,제7조의3제2항에따른경우,
서울특별시,마포구,20180316 ,,영업/정상,정상영업,,,,,,04009,서울특별시 마포구 망원로6길 49. 1층 (망원동),망원망리단슈퍼,37.5547476,126.903929,20180316 ,제7조의3제2항에따른경우,
서울특별시,마포구,20180309 ,,영업/정상,정상영업,,,,,27154567,04101,서울특별시 마포구 신촌로 102. 1층 (노고산동),알파 신촌점,37.5545559,126.937261,20180309 ,제7조의3제2항에따른경우,
서울특별시,마포구,20180227 ,,영업/정상,정상영업,,,,,,04053,서울특별시 마포구 와우산로29다길 10. 지층우측  (서교동),홍대전자담배,37.5550833,126.92763,20180227 ,제7조의3제2항에따른경우,
서울특별시,마포구,20180227 ,,영업/정상,정상영업,,,,,27018711,04094,서울특별시 마포구 신수로 100. 1층 (신수동),GS25서강은혜점,37.5499729,126.936023,20180227 ,제7조의3제2항에따른경우,
서울특별시,마포구,20180223 ,,영업/정상,정상영업,,,,, ,04015,서울특별시 마포구 희우정로12길 11. 1층 102호 (망원동. 샬롬하우스),GS25 망리단길점,37.5537385,126.903643,20180223 ,제7조의3제2항에따른경우,
서울특별시,마포구,20180214 ,,영업/정상,정상영업,,,,, ,03924,서울특별시 마포구 월드컵북로54길 25. 상암DMC푸르지오시티 1층 102호 (상암동),CU상암 푸르지오점,37.5815202,126.889118,20180214 ,제7조의3제3항에따른경우,
서울특별시,마포구,20180213 ,,영업/정상,정상영업,,,,,,03965,서울특별시 마포구 성산로 124. 1층 (성산동),GS25 성산행복점,37.5637945,126.907489,20180213 ,제7조의3제2항에따른경우,
서울특별시,마포구,20180202 ,,영업/정상,정상영업,,,,,,04061,서울특별시 마포구 서강로9길 52. 1층 (창전동),GS25 창전태영점,37.5544237,126.930999,20180202 ,제7조의3제2항에따른경우,
서울특별시,마포구,20180201 ,,영업/정상,정상영업,,,,,,03970,서울특별시 마포구 월드컵로 126. 1층 (성산동),지에스25 망원중앙점,37.5595133,126.907245,20180201 ,제7조의3제2항에따른경우,
서울특별시,마포구,20180122 ,,영업/정상,정상영업,,,,,23238249,04049,서울특별시 마포구 와우산로 45. 1층 (상수동),씨유 홍대와우점,37.548513,126.922787,20180122 ,제7조의3제2항에따른경우,
서울특별시,마포구,20171219 ,,영업/정상,정상영업,,,,,,03930,서울특별시 마포구 월드컵북로44길 35. 1층 (상암동),보루(BOROO),37.5762961,126.895366,20171219 ,제7조의3제2항에따른경우,
서울특별시,마포구,20171219 ,,영업/정상,정상영업,,,,,,04024,서울특별시 마포구 월드컵로1길 14. 상가동 비105호 (합정동. 마포 한강 푸르지오),푸르지오 마트,37.5495927,126.912197,20171219 ,제7조의3제2항에따른경우,
서울특별시,마포구,20171219 ,,영업/정상,정상영업,,,,,,03974,서울특별시 마포구 월드컵북로16길 51. 1층 (성산동),연남슈퍼,37.5631798,126.917048,20171219 ,제7조의3제2항에따른경우,
서울특별시,마포구,20171211 ,,영업/정상,정상영업,,,,,,03965,서울특별시 마포구 성산로 128. 마포중앙도서관 1층 3호 (성산동),이마트24시 마포중앙도서관점,37.5638765,126.907996,20171211 ,제7조의3제3항에따른경우,
서울특별시,마포구,20171211 ,,영업/정상,정상영업,,,,,,04151,서울특별시 마포구 독막로 2531. 1층 (대흥동),보광슈퍼,37.546414,126.94176,20171211 ,제7조의3제2항에따른경우,
서울특별시,마포구,20171205 ,,영업/정상,정상영업,,,,,,04104,서울특별시 마포구 신촌로 180. 1층 (대흥동),SK텔레콤,37.556454,126.945463,20171205 ,제7조의3제2항에따른경우,
서울특별시,마포구,20171121 ,,영업/정상,정상영업,,,,,3753336,03925,서울특별시 마포구 성암로 267. 지하 1층 (상암동),(주)비지에프리테일 상암MBC점,37.5740931,126.903585,20171121 ,제7조의3제3항에따른경우,
서울특별시,마포구,20171121 ,,영업/정상,정상영업,,,,,,04178,서울특별시 마포구 마포대로4라길 32. 지1층. 1층 (마포동),지에스25마포사랑점,37.5369425,126.946318,20171121 ,제7조의3제2항에따른경우,
서울특별시,마포구,20171114 ,,영업/정상,정상영업,,,,,,04155,서울특별시 마포구 독막로42길 7. 103호 (염리동),씨유 마포염리점,37.5433403,126.946167,20171114 ,제7조의3제2항에따른경우,
서울특별시,마포구,20171113 ,,영업/정상,정상영업,,,,,,03972,서울특별시 마포구 월드컵북로 132. 1층 일부호 (성산동),이마트24 마포성산법정점,37.5647103,126.912596,20171113 ,제7조의3제2항에따른경우,
서울특별시,마포구,20171110 ,,영업/정상,정상영업,,,,,3372678,03964,서울특별시 마포구 월드컵로25길 26. 102동 144.45.46.47호 (망원동. 마포영화블렌하임),월드컵마트,37.5585367,126.90629,20171110 ,제7조의3제2항에따른경우,
서울특별시,마포구,20171102 ,,영업/정상,정상영업,,,,,,04044,서울특별시 마포구 양화로6길 39. 1층 2호 (서교동),이마트24 홍대합정점,37.5489942,126.916389,20171102 ,제7조의3제2항에따른경우,
서울특별시,마포구,20171031 ,,영업/정상,정상영업,,,,,,04145,서울특별시 마포구 마포대로7길 23. 지층 (공덕동),지에스25공덕제니스,37.5472246,126.951826,20171031 ,제7조의3제2항에따른경우,
서울특별시,마포구,20171030 ,,영업/정상,정상영업,,,,,,03974,서울특별시 마포구 성미산로13길 96. 1층 (성산동),GS25성산타이거점,37.5651026,126.916259,20171030 ,제7조의3제2항에따른경우,
서울특별시,마포구,20171018 ,,영업/정상,정상영업,,,,,,03963,서울특별시 마포구 월드컵로 139. 1층 101호 (망원동),CU마포구청점,37.5602541,126.905905,20171018 ,제7조의3제2항에따른경우,
서울특별시,마포구,20171018 ,,영업/정상,정상영업,,,,,,04012,서울특별시 마포구 동교로9길 83. 1층 (망원동),(주)코리아세븐 망원동교로점,37.5571046,126.908099,20171018 ,제7조의3제2항에따른경우,
서울특별시,마포구,20171010 ,,영업/정상,정상영업,,,,,,04198,서울특별시 마포구 손기정로 25. 1층 (아현동),서울365VCPlus(가구단지점),37.5570981,126.961502,20171010 ,제7조의3제2항에따른경우,
서울특별시,마포구,20170926 ,,영업/정상,정상영업,,,,,,03978,서울특별시 마포구 월드컵북로12길 19 (성산동. 1층 코너),지에스25 성산퍼스트점,37.561882,126.915444,20170926 ,제7조의3제2항에따른경우,
서울특별시,마포구,20170919 ,,영업/정상,정상영업,,,,,,04051,서울특별시 마포구 어울마당로 1511 (동교동),커피앤스모킹(Coffe&Smoking),37.5567353,126.926588,20170919 ,제7조의3제2항에따른경우,
서울특별시,마포구,20170918 ,,영업/정상,정상영업,,,,,15770711,03979,서울특별시 마포구 성미산로23길 165. B101호 (연남동),(주)코리아세븐 연남숲길점,37.5644709,126.921371,20170918 ,제7조의3제2항에따른경우,
서울특별시,마포구,20170915 ,,영업/정상,정상영업,,,,,,03930,서울특별시 마포구 월드컵북로44길 49 (상암동),프렌들이스토아,37.5767657,126.894707,20170915 ,제7조의3제2항에따른경우,
서울특별시,마포구,20170904 ,,영업/정상,정상영업,,,,,,04184,서울특별시 마포구 효창원로 249 (공덕동. 1층 상가),씨유 공덕배문점,37.5494127,126.963404,20170904 ,제7조의3제2항에따른경우,
서울특별시,마포구,20170830 ,,영업/정상,정상영업,,,,,,03981,서울특별시 마포구 성미산로 191. 1층 (연남동),GS25 연남동진점,37.5629124,126.926541,20170830 ,제7조의3제2항에따른경우,
서울특별시,마포구,20170829 ,,영업/정상,정상영업,,,,,,04085,서울특별시 마포구 토정로 22. 1층 (합정동),씨유 합정카페거리점,37.543437,126.928982,20170829 ,제7조의3제2항에따른경우,
서울특별시,마포구,20170810 ,,영업/정상,정상영업,,,,,,04005,서울특별시 마포구 동교로3길 105. 1층 (망원동),지에스25 망원스카이점,37.554809,126.899,20170810 ,제7조의3제2항에따른경우,
서울특별시,마포구,20170802 ,,영업/정상,정상영업,,,,,,04018,서울특별시 마포구 동교로 77 (망원동. 1층 좌측),하비수족관,37.554033,126.910634,20170802 ,제7조의3제2항에따른경우,
서울특별시,마포구,20170726 ,,영업/정상,정상영업,,,,,,04056,서울특별시 마포구 신촌로4길 18. 1층 (동교동),GS25경의선책거리점,37.5573735,126.928782,20170726 ,제7조의3제2항에따른경우,
서울특별시,마포구,20170718 ,,영업/정상,정상영업,,,,,,04073,서울특별시 마포구 토정로5길 30. 1층 (합정동),이마트24 합정당인점,37.5466128,126.918654,20170718 ,제7조의3제2항에따른경우,
서울특별시,마포구,20170714 ,,영업/정상,정상영업,,,,,23733731,03947,서울특별시 마포구 월드컵북로 185. 1층 (성산동),세븐일레븐 마포성산대로점,37.5678704,126.907933,20170714 ,제7조의3제2항에따른경우,
서울특별시,마포구,20170712 ,,영업/정상,정상영업,,,,,,03921,서울특별시 마포구 월드컵북로60길 17. 지상2층 (상암동. 우리금융상암센터),우리마트,37.5833961,126.885961,20170712 ,제7조의3제3항에따른경우,
서울특별시,마포구,20170710 ,,영업/정상,정상영업,,,,,,03939,서울특별시 마포구 새터산길 1. 1층 (성산동),위드미 성산월드점,37.5648931,126.90712,20170710 ,제7조의3제2항에따른경우,
서울특별시,마포구,20170710 ,,영업/정상,정상영업,,,,,27171870,04090,서울특별시 마포구 독막로 236 (신수동),정문사,37.5467083,126.93982,20170710 ,제7조의3제2항에따른경우,
서울특별시,마포구,20170622 ,,영업/정상,정상영업,,,,,,04177,서울특별시 마포구 마포대로4다길 18. 1층 105호 (마포동. 강변한신코아빌딩),씨유 신마포강변점,37.536292,126.9439,20170622 ,제7조의3제3항에따른경우,
서울특별시,마포구,20170621 ,,영업/정상,정상영업,,,,,23224934,03963,서울특별시 마포구 월드컵로 111. 103호 (망원동. 망원우체국),진텔레콤 망원3호점,37.5581472,126.907815,20170621 ,제7조의3제2항에따른경우,
서울특별시,마포구,20170612 ,,영업/정상,정상영업,,,,,,04010,서울특별시 마포구 포은로 106 (망원동),명동공인중개사사무소,37.5563762,126.904842,20170612 ,제7조의3제2항에따른경우,
서울특별시,마포구,20170612 ,,영업/정상,정상영업,,,,,,03938,서울특별시 마포구 모래내로1길 20. 102호 (성산동),씨유 마포자이툰점,37.5649684,126.903435,20170612 ,제7조의3제2항에따른경우,
서울특별시,마포구,20170609 ,,영업/정상,정상영업,,,,,,03906,서울특별시 마포구 월드컵로42길 14. 상암월드컵파크8단지 상가동 101호 (상암동),GS25 상암8단지,37.5775595,126.882951,20170609 ,제7조의3제2항에따른경우,
서울특별시,마포구,20170522 ,,영업/정상,정상영업,,,,,,04169,서울특별시 마포구 새창로4길 19. 1층 101호 (도화동),성보전기,37.5411764,126.951476,20170522 ,제7조의3제2항에따른경우,
서울특별시,마포구,20170515 ,,영업/정상,정상영업,,,,,27014989,04187,서울특별시 마포구 만리재로 74. 상가2동 118호 (신공덕동. 신공덕2차삼성래미안),마포부동산공인중개사사무소,37.5464743,126.958169,20170515 ,제7조의3제3항에따른경우,
서울특별시,마포구,20170502 ,,영업/정상,정상영업,,,,,,03973,서울특별시 마포구 월드컵북로 118. 1층 (성산동),씨유 성산아리랑점,37.5636679,126.91349,20170502 ,제7조의3제2항에따른경우,
서울특별시,마포구,20170425 ,,영업/정상,정상영업,,,,,,03961,서울특별시 마포구 방울내로9안길 1. 1층 (망원동),GS25 망원마젤란점,37.5617619,126.902832,20170425 ,제7조의3제2항에따른경우,
서울특별시,마포구,20170425 ,,영업/정상,정상영업,,,,,,03973,서울특별시 마포구 성미산로11길 81. 101호 (성산동. 지오빌),세븐일레븐 마포한사랑길점,37.5642049,126.915648,20170425 ,제7조의3제2항에따른경우,
서울특별시,마포구,20170425 ,,영업/정상,정상영업,,,,,,04182,서울특별시 마포구 새창로 52. 13동 109호.110호 (도화동. 도화동현대아파트),세븐일레븐 도화점,37.5395096,126.954021,20170425 ,제7조의3제3항에따른경우,
서울특별시,마포구,20170420 ,,영업/정상,정상영업,,,,,,04051,서울특별시 마포구 양화로18안길 28. 1층 (동교동),GS25 홍대공원점,37.5569,126.926169,20170420 ,제7조의3제2항에따른경우,
서울특별시,마포구,20170420 ,,영업/정상,정상영업,,,,,,04171,서울특별시 마포구 도화4길 88. 1층 (도화동),GS25 도화정진점,37.5384448,126.950602,20170420 ,제7조의3제2항에따른경우,
서울특별시,마포구,20170412 ,,영업/정상,정상영업,,,,,27012003,04153,서울특별시 마포구 독막로 266. 제중앙상가동 1층 101.109.110.112호 (대흥동. 대흥동태영아파트),중앙마트,37.54477,126.942607,20170412 ,제7조의3제2항에따른경우,
서울특별시,마포구,20170410 ,,영업/정상,정상영업,,,,,27171316,04196,서울특별시 마포구 백범로 지하 200. 지하1층 (공덕동. 공덕역),GS25 S6 공덕역점,37.5495268,126.941451,20170410 ,제7조의3제3항에따른경우,
서울특별시,마포구,20170407 ,,영업/정상,정상영업,,,,,,04166,서울특별시 마포구 토정로 319. 1층 (용강동),씨유 마포에이스점,37.5396636,126.944193,20170407 ,제7조의3제2항에따른경우,
서울특별시,마포구,20170330 ,,영업/정상,정상영업,,,,,,04061,서울특별시 마포구 와우산로32길 25. 1층 (동교동),씨유 창전숲길점,37.5547437,126.931411,20170330 ,제7조의3제2항에따른경우,
서울특별시,마포구,20170322 ,,영업/정상,정상영업,,,,,,04168,서울특별시 마포구 마포대로 52. 고려아카데미텔Ⅱ 지하1층 9. 10호 (도화동),베이프스토리 마포공덕전자담배 VAPE STORY,37.5513696,126.956111,20170322 ,제7조의3제3항에따른경우,
서울특별시,마포구,20170315 ,,영업/정상,정상영업,,,,,,03993,서울특별시 마포구 동교로25길 28. 102호 (동교동),세븐일레븐 마포동교로점,37.5582787,126.921142,20170315 ,제7조의3제2항에따른경우,
서울특별시,마포구,20170315 ,,영업/정상,정상영업,,,,,,04107,서울특별시 마포구 백범로 35. 서강대학교 106호 (신수동),GS25 뉴서강대학사점,37.5513353,126.940737,20170315 ,제7조의3제2항에따른경우,
서울특별시,마포구,20170314 ,,영업/정상,정상영업,,,,,,03951,서울특별시 마포구 성암로 28. 110호 (성산동. 가좌역행복주택),GS25 가좌행복점,37.5740931,126.903585,20170314 ,제7조의3제3항에따른경우,
서울특별시,마포구,20170310 ,,영업/정상,정상영업,,,,,23135530,04202,서울특별시 마포구 마포대로 214 (아현동. 샵),진(JIN)편의점,37.5528243,126.957187,20170310 ,제7조의3제2항에따른경우,
서울특별시,마포구,20170308 ,,영업/정상,정상영업,,,,,,04047,서울특별시 마포구 어울마당로5길 425. 1층 (서교동),씨유 합정몬스터점,37.5499887,126.918232,20170308 ,제7조의3제2항에따른경우,
서울특별시,마포구,20170306 ,,영업/정상,정상영업,,,,,,04024,서울특별시 마포구 월드컵로3길 14. 208호.209호 (합정동. 마포한강2차푸르지오판매시설),GS25 마포한강점,37.5499618,126.910365,20170306 ,제7조의3제3항에따른경우,
서울특별시,마포구,20170228 ,,영업/정상,정상영업,,,,,232725875,04096,서울특별시 마포구 독막로29길 48 (신수동. 광성빌딩),혜미농산,37.5487047,126.938482,20170228 ,제7조의3제2항에따른경우,
서울특별시,마포구,20170227 ,,영업/정상,정상영업,,,,,27197879,04087,서울특별시 마포구 독막로 1841. 1층 (신수동),디앤에스(D&S),37.5471992,126.934093,20170227 ,제7조의3제2항에따른경우,
서울특별시,마포구,20170217 ,,영업/정상,정상영업,,,,,,04027,서울특별시 마포구 양화로 지하 45. 6호선 지하1층 (합정동. 합정역),GS25 S6합정역점,37.552785,126.918613,20170217 ,제7조의3제3항에따른경우,
서울특별시,마포구,20170215 ,,영업/정상,정상영업,,,,,,04005,서울특별시 마포구 망원로 8. 1층 (망원동),씨유 한강시민공원점,37.5556798,126.897785,20170215 ,제7조의3제2항에따른경우,
서울특별시,마포구,20170209 ,,영업/정상,정상영업,,,,,,04002,서울특별시 마포구 월드컵북로5길 29. 1층 (서교동),미니스톱 서교2점,37.5566608,126.917239,20170209 ,제7조의3제2항에따른경우,
서울특별시,마포구,20170208 ,,영업/정상,정상영업,,,,,,04213,서울특별시 마포구 마포대로 112. 1층 (공덕동),마포 크레이지 베이프,37.5445992,126.951846,20170208 ,제7조의3제2항에따른경우,
서울특별시,마포구,20170124 ,,영업/정상,정상영업,,,,,,04148,서울특별시 마포구 백범로 178. 1층 103호 (공덕동. 마포신영지웰),씨유 공덕역점,37.5438409,126.950065,20170124 ,제7조의3제2항에따른경우,
서울특별시,마포구,20170124 ,,영업/정상,정상영업,,,,,,03980,서울특별시 마포구 성미산로29안길 25. 1층 (연남동),GS25 마포연남점,37.5654693,126.923446,20170124 ,제7조의3제2항에따른경우,
서울특별시,마포구,20170118 ,,영업/정상,정상영업,,,,,,03909,서울특별시 마포구 매봉산로 37. 15층 (상암동. DMC 산학협력연구센터),산학매점,37.5760093,126.890532,20170118 ,제7조의3제3항에따른경우,
서울특별시,마포구,20170118 ,,영업/정상,정상영업,,,,,,04110,서울특별시 마포구 백범로 64. 1층 (신수동),씨유 서강대원룸점,37.549001,126.938861,20170118 ,제7조의3제2항에따른경우,
서울특별시,마포구,20170118 ,,영업/정상,정상영업,,,,,23347987,04013,서울특별시 마포구 월드컵로 69. 우측상가 1층 (망원동),상진오피스,37.5552027,126.910454,20170118 ,제7조의3제2항에따른경우,
서울특별시,마포구,20170102 ,,영업/정상,정상영업,,,,,,03985,서울특별시 마포구 연희로 7. 1층 104호 (동교동. 동교동빌딩),기프트포유,37.5594034,126.926298,20170102 ,제7조의3제2항에따른경우,
서울특별시,마포구,20161219 ,,영업/정상,정상영업,,,,,,03938,서울특별시 마포구 월드컵로 196. 1층 101호 (성산동. 대명비첸시티오피스텔),GS25 마포구청역점,37.5647641,126.902739,20161219 ,제7조의3제2항에따른경우,
서울특별시,마포구,20161212 ,,영업/정상,정상영업,,,,,27183394,04149,서울특별시 마포구 백범로 108. 1층 1호 (대흥동),나눔 중앙마트,37.5470635,126.943153,20161212 ,제7조의3제2항에따른경우,
서울특별시,마포구,20161201 ,,영업/정상,정상영업,,,,,,04138,서울특별시 마포구 백범로25길 25. 1층 (염리동),(주) 코리아세븐 서울여고점,37.5470421,126.946908,20161201 ,제7조의3제2항에따른경우,
서울특별시,마포구,20161128 ,,영업/정상,정상영업,,,,,,04012,서울특별시 마포구 월드컵로 지하 77. 지하1층 (망원동. 망원역),GS25 S6 망원역점,37.5593963,126.905813,20161128 ,제7조의3제3항에따른경우,
서울특별시,마포구,20161124 ,,영업/정상,정상영업,,,,,,04110,서울특별시 마포구 대흥로 지하 85 (대흥동. 대흥역),GS25 S6 대흥역점,37.5505968,126.942906,20161124 ,제7조의3제3항에따른경우,
서울특별시,마포구,20161124 ,,영업/정상,정상영업,,,,,,04099,서울특별시 마포구 독막로 지하 165 (창전동. 광흥창역),GS25 S6 광흥창역점,37.5467114,126.932857,20161124 ,제7조의3제3항에따른경우,
서울특별시,마포구,20161124 ,,영업/정상,정상영업,,,,,,03932,서울특별시 마포구 월드컵로 지하 240 (성산동. 월드컵경기장역),GS25 S6 월드컵경기장역점,37.5593963,126.905813,20161124 ,제7조의3제3항에따른경우,
서울특별시,마포구,20161122 ,,영업/정상,정상영업,,,,,,04213,서울특별시 마포구 마포대로 1081. 1층 (공덕동),이마트24 공덕역점,37.5443723,126.951972,20161122 ,제7조의3제2항에따른경우,
서울특별시,마포구,20161118 ,,영업/정상,정상영업,,,,,23248959,04024,서울특별시 마포구 월드컵로1길 14. B2162호 (합정동. 마포한강푸르지오),합정상가,37.5495927,126.912197,20161118 ,제7조의3제3항에따른경우,
서울특별시,마포구,20161101 ,,영업/정상,정상영업,,,,,,04056,서울특별시 마포구 신촌로6길 24 (동교동),(주)코리아세븐 홍대6번출구점,37.5562756,126.929737,20161101 ,제7조의3제2항에따른경우,
서울특별시,마포구,20161026 ,,영업/정상,정상영업,,,,,23224748,03985,서울특별시 마포구 양화로23길 42. 101호 (동교동),씨유 홍대경의선숲길해달점,37.5601009,126.924627,20161026 ,제7조의3제2항에따른경우,
서울특별시,마포구,20161021 ,,영업/정상,정상영업,,,,,23743836,03934,서울특별시 마포구 성암로9안길 28. 1층 101호 (중동. 주영아트빌라),GS25 중동헤븐점,37.5730916,126.902176,20161021 ,제7조의3제2항에따른경우,
서울특별시,마포구,20161012 ,,영업/정상,정상영업,,,,,,03991,서울특별시 마포구 연남로3길 39. 1층 (연남동),씨유 연남꿈나무점,37.5604451,126.920682,20161012 ,제7조의3제2항에따른경우,
서울특별시,마포구,20160929 ,,영업/정상,정상영업,,,,,,04108,서울특별시 마포구 고산길 32 (노고산동),씨유 노고산창천점,37.5537508,126.938807,20160929 ,제7조의3제2항에따른경우,
서울특별시,마포구,20160929 ,,영업/정상,정상영업,,,,,,04209,서울특별시 마포구 만리재옛길 46. 1층 (신공덕동),주식회사 영릉마켓,37.5477877,126.956908,20160929 ,제7조의3제2항에따른경우,
서울특별시,마포구,20160922 ,,영업/정상,정상영업,,,,,,04156,서울특별시 마포구 독막로 311. 지하1층 B101호 (염리동. 재화스퀘어),씨유 재화스퀘어점,37.5438755,126.94768,20160922 ,제7조의3제3항에따른경우,
서울특별시,마포구,20160902 ,,영업/정상,정상영업,,,,,,04001,서울특별시 마포구 동교로 157. 101호 (서교동. 일송빌딩),씨유 서교로점,37.5557927,126.919158,20160902 ,제7조의3제2항에따른경우,
서울특별시,마포구,20160829 ,,영업/정상,정상영업,,,,,,03930,서울특별시 마포구 매봉산로2길 78. 1층 (상암동),GS25 상암조약돌점,37.5758815,126.896212,20160829 ,제7조의3제2항에따른경우,
서울특별시,마포구,20160823 ,,영업/정상,정상영업,,,,,,04165,서울특별시 마포구 토정로 320. 1층 (용강동. 백남빌딩),GS25 마포역점,37.5393196,126.943917,20160823 ,제7조의3제3항에따른경우,
서울특별시,마포구,20160823 ,,영업/정상,정상영업,,,,,,04032,서울특별시 마포구 양화로 133. 102호 (서교동. 서교타워),씨유 서교타워점,37.555201,126.920963,20160823 ,제7조의3제3항에따른경우,
서울특별시,마포구,20160823 ,,영업/정상,정상영업,,,,,,04012,서울특별시 마포구 월드컵로 97 (망원동),명신사,37.5572269,126.908651,20160823 ,제7조의3제2항에따른경우,
서울특별시,마포구,20160819 ,,영업/정상,정상영업,,,,,,04208,서울특별시 마포구 만리재로 111. 2층 201호. 202호 (공덕동. 미네뜨오피스텔),씨유 공덕미네뜨점,37.5500309,126.960334,20160819 ,제7조의3제2항에따른경우,
서울특별시,마포구,20160819 ,,영업/정상,정상영업,,,,,,04069,서울특별시 마포구 독막로 14710. 2층 (창전동),(주)코리아세븐 서강쌍용예가점,37.5479372,126.930312,20160819 ,제7조의3제2항에따른경우,
서울특별시,마포구,20160818 ,,영업/정상,정상영업,,,,,231432105,04072,서울특별시 마포구 독막로2길 13. 1층 (합정동),GS25 합정성산점,37.5479648,126.914776,20160818 ,제7조의3제2항에따른경우,
서울특별시,마포구,20160809 ,,영업/정상,정상영업,,,,,,03909,서울특별시 마포구 매봉산로 31. 시너지움 1층 (상암동. 서울시SPLEXCENTER),씨유 상암S플렉스점,37.5750029,126.890779,20160809 ,제7조의3제3항에따른경우,
서울특별시,마포구,20160808 ,,영업/정상,정상영업,,,,,,03949,서울특별시 마포구 모래내로7길 38. 1층 104호.105. 106호 (성산동),GS25 성산중동점,37.5674005,126.91091,20160808 ,제7조의3제2항에따른경우,
서울특별시,마포구,20160801 ,,영업/정상,정상영업,,,,,,04143,서울특별시 마포구 마포대로 143. 1층 111~112호 (공덕동. 마포공덕파크팰리스 Ⅱ),씨유 파크팰리스점,37.5472768,126.953039,20160801 ,제7조의3제3항에따른경우,
서울특별시,마포구,20160721 ,,영업/정상,정상영업,,,,,,04158,서울특별시 마포구 큰우물로 75. C동 106호 (도화동. 성지빌딩),GS25 마포성지점,37.5412518,126.946279,20160721 ,제7조의3제2항에따른경우,
서울특별시,마포구,20160715 ,,영업/정상,정상영업,,,,,27172413,04140,서울특별시 마포구 마포대로11길 91. 1층 (염리동),대현슈퍼,37.5487174,126.949272,20160715 ,제7조의3제2항에따른경우,
서울특별시,마포구,20160630 ,,영업/정상,정상영업,,,,,,04052,서울특별시 마포구 와우산로35길 55 (서교동),(주)코리아세븐 홍대7번출구점,37.5563885,126.927683,20160630 ,제7조의3제2항에따른경우,
서울특별시,마포구,20160621 ,,영업/정상,정상영업,,,,,226680711,03992,서울특별시 마포구 월드컵북로4길 12 (동교동),(주)코리아세븐 동교다온점,37.5582814,126.921979,20160621 ,제7조의3제2항에따른경우,
서울특별시,마포구,20160620 ,,영업/정상,정상영업,,,,,,04136,서울특별시 마포구 백범로 101. 1층 (대흥동),삼성공인중개사사무소,37.5477117,126.942692,20160620 ,제7조의3제2항에따른경우,
서울특별시,마포구,20160614 ,,영업/정상,정상영업,,,,,,03978,서울특별시 마포구 월드컵북로16길 34 (성산동. 우측면),GS25  성산연희점,37.56286,126.916167,20160614 ,제7조의3제2항에따른경우,
서울특별시,마포구,20160614 ,,영업/정상,정상영업,,,,,27110230,04132,서울특별시 마포구 마포대로11길 46. 1층 (공덕동),씨유공덕래미안4차점,37.5493607,126.951693,20160614 ,제7조의3제2항에따른경우,
서울특별시,마포구,20160607 ,,영업/정상,정상영업,,,,,23377938,04074,서울특별시 마포구 토정로 97 (상수동),성천건업,37.5452482,126.921857,20160607 ,제7조의3제2항에따른경우,
서울특별시,마포구,20160527 ,,영업/정상,정상영업,,,,,,04122,서울특별시 마포구 대흥로24길 41. 1층 (염리동),S.C 상회,37.5547057,126.94816,20160527 ,제7조의3제2항에따른경우,
서울특별시,마포구,20160523 ,,영업/정상,정상영업,,,,,,04010,서울특별시 마포구 포은로 98. 1층 (망원동),GS25 망원포은로점,37.5557059,126.905044,20160523 ,제7조의3제2항에따른경우,
서울특별시,마포구,20160523 ,,영업/정상,정상영업,,,,,,04092,서울특별시 마포구 신수로 5 (현석동. 리버뷰),GS25 현석리버뷰,37.5461019,126.934255,20160523 ,제7조의3제2항에따른경우,
서울특별시,마포구,20160516 ,,영업/정상,정상영업,,,,,,04042,서울특별시 마포구 어울마당로 67 (서교동),(주)반가워요브라보 씨유럭셔리수노래연습장점,37.5511674,126.921001,20160516 ,제7조의3제2항에따른경우,
서울특별시,마포구,20160509 ,,영업/정상,정상영업,,,,,,03963,서울특별시 마포구 망원로11길 68. 강촌빌딩 (망원동),쟈스민,37.5604388,126.905313,20160509 ,제7조의3제2항에따른경우,
서울특별시,마포구,20160504 ,,영업/정상,정상영업,,,,,,03924,서울특별시 마포구 월드컵북로54길 17. 1층 114호 (상암동. 사보이시티DMC),GS25 상암사보이점,37.5591345,126.917678,20160504 ,제7조의3제2항에따른경우,
서울특별시,마포구,20160502 ,,영업/정상,정상영업,,,,,27164498,04209,서울특별시 마포구 만리재옛길 16 (신공덕동),비쥬,37.5454206,126.955066,20160502 ,제7조의3제2항에따른경우,
서울특별시,마포구,20160331 ,,영업/정상,정상영업,,,,,215770711,04056,서울특별시 마포구 신촌로2안길 2. 1층 (동교동),주식회사 코리아세븐 홍대5번출구점,37.55755,126.927296,20160331 ,제7조의3제2항에따른경우,
서울특별시,마포구,20160318 ,,영업/정상,정상영업,,,,,,04043,서울특별시 마포구 양화로10길 15. 1층 (서교동. I.O 빌딩),대박슈퍼,37.5509873,126.917368,20160318 ,제7조의3제2항에따른경우,
서울특별시,마포구,20160226 ,,영업/정상,정상영업,,,,,,03925,서울특별시 마포구 월드컵북로 396. 제지1층 제비1033호 (상암동. 누리꿈스퀘어),GS25 상암누리꿈점,37.5791192,126.890294,20160226 ,제7조의3제3항에따른경우,
서울특별시,마포구,20160223 ,,영업/정상,정상영업,,,,,23039689,03938,서울특별시 마포구 월드컵로36길 18. 1층 101호 (성산동. 삼라마이다스),씨유 마포마이다스점,37.566127,126.903372,20160223 ,제7조의3제2항에따른경우,
서울특별시,마포구,20160202 ,,영업/정상,정상영업,,,,,,03957,서울특별시 마포구 방울내로 32. 1층 (망원동),미미슈퍼,37.5582618,126.899295,20160202 ,제7조의3제2항에따른경우,
서울특별시,마포구,20160113 ,,영업/정상,정상영업,,,,,,03923,서울특별시 마포구 성암로 301. 1층 (상암동. 한국지역정보개발원(KLIDTower)),(주)코리아세븐 상암KLID타워점,37.5740931,126.903585,20160113 ,제7조의3제2항에따른경우,
서울특별시,마포구,20160108 ,,영업/정상,정상영업,,,,,232848442,04156,서울특별시 마포구 마포대로 83. 1층 (도화동. 신라스테이호텔),(주)코리아세븐 마포신라스테이점,37.542788,126.949608,20160108 ,제7조의3제2항에따른경우,
서울특별시,마포구,20160108 ,,영업/정상,정상영업,,,,,215770711,04161,서울특별시 마포구 토정로31길 23. 122동 제지1층 103호 (용강동. 마포 리버웰),(주)코리아세븐 마포리버웰점,37.542319,126.943065,20160108 ,제7조의3제2항에따른경우,
서울특별시,마포구,20151221 ,,영업/정상,정상영업,,,,,23224591,04002,서울특별시 마포구 월드컵북로5길 68. 1층 107호 (서교동. 광남벨라스2차아파트),이마트24 서교중앙점,37.5560278,126.915129,20151221 ,제7조의3제2항에따른경우,
서울특별시,마포구,20151217 ,,영업/정상,정상영업,,,,,,03930,서울특별시 마포구 성암로13길 43. 1층 (상암동),GS25 상암제일점,37.5762675,126.897505,20151217 ,제7조의3제2항에따른경우,
서울특별시,마포구,20151209 ,,영업/정상,정상영업,,,,,27199967,04167,서울특별시 마포구 마포대로 45. 지하1층 (도화동. 일진빌딩),주식회사 신세계푸드 일진빌딩,37.5404326,126.94636,20151209 ,제7조의3제3항에따른경우,
서울특별시,마포구,20151123 ,,영업/정상,정상영업,,,,,,04116,서울특별시 마포구 굴레방로9길 3 (아현동),날개패션,37.5566964,126.955499,20151123 ,제7조의3제2항에따른경우,
서울특별시,마포구,20151116 ,,영업/정상,정상영업,,,,,,04159,서울특별시 마포구 토정로 2791. 1층 (용강동),씨유 마포용강점,37.5419637,126.940843,20151116 ,제7조의3제2항에따른경우,
서울특별시,마포구,20151111 ,,영업/정상,정상영업,,,,,,04194,서울특별시 마포구 백범로 205. 101동 104호 (신공덕동. 마포펜트라우스),베이프스토리,37.5433361,126.954004,20151111 ,제7조의3제2항에따른경우,
서울특별시,마포구,20151105 ,,영업/정상,정상영업,,,,,,03926,서울특별시 마포구 매봉산로 75. 1층 107호 (상암동),GS25 DDMC점,37.5750029,126.890779,20151105 ,제7조의3제2항에따른경우,
서울특별시,마포구,20151029 ,,영업/정상,정상영업,,,,,0221971256(1234),04196,서울특별시 마포구 백범로 212 (신공덕동. 대우 월드마크마포),주식회사 이마트 마포점,37.5424268,126.953369,20151029 ,제7조의3제2항에따른경우,
서울특별시,마포구,20151029 ,,영업/정상,정상영업,,,,,,04008,서울특별시 마포구 망원로 44. 1층 (망원동),씨유 망원스위트점,37.5565439,126.901847,20151029 ,제7조의3제2항에따른경우,
서울특별시,마포구,20151019 ,,영업/정상,정상영업,,,,,,04148,서울특별시 마포구 백범로 152. 16호 (공덕동. 공덕파크자이),GS25 공덕파크자이점,37.5451763,126.947547,20151019 ,제7조의3제2항에따른경우,
서울특별시,마포구,20151013 ,,영업/정상,정상영업,,,,,,04078,서울특별시 마포구 독막로22길 26. 1층 (창전동),GS25 창전호호점,37.5468599,126.928257,20151013 ,제7조의3제2항에따른경우,
서울특별시,마포구,20151006 ,,영업/정상,정상영업,,,,,,04210,서울특별시 마포구 만리재옛길 21. 1층 (공덕동),이정모바일,37.545991,126.955268,20151006 ,제7조의3제2항에따른경우,
서울특별시,마포구,20150910 ,,영업/정상,정상영업,,,,,23386003,04013,서울특별시 마포구 월드컵로13길 23. 1층 (망원동),알파오메가마트,37.5554159,126.908862,20150910 ,제7조의3제2항에따른경우,
서울특별시,마포구,20150901 ,,영업/정상,정상영업,,,,,,04050,서울특별시 마포구 양화로 140. 1층 (동교동. 외 2필지),씨유 마포홍대점,37.5549797,126.922095,20150901 ,제7조의3제2항에따른경우,
서울특별시,마포구,20150827 ,,영업/정상,정상영업,,,,,,04008,서울특별시 마포구 희우정로20길 54. 1층 (망원동),미니스톱 망원현대점,37.5558772,126.903309,20150827 ,제7조의3제2항에따른경우,
서울특별시,마포구,20150728 ,,영업/정상,정상영업,,,,,,03993,서울특별시 마포구 동교로 201. 지1층 (동교동),스타브론즈 홍대,37.5581789,126.922943,20150728 ,제7조의3제2항에따른경우,
서울특별시,마포구,20150715 ,,영업/정상,정상영업,,,,,,04211,서울특별시 마포구 마포대로 156. 공덕푸르지오시티 109호 (공덕동),씨유 공덕푸르지오시티점,37.5478124,126.954298,20150715 ,제7조의3제2항에따른경우,
서울특별시,마포구,20150706 ,,영업/정상,정상영업,,,,,,04039,서울특별시 마포구 홍익로 25. 지하1층 B104호.B105호 (서교동),GS25 홍대아트점,37.5543874,126.921952,20150706 ,제7조의3제2항에따른경우,
서울특별시,마포구,20150626 ,,영업/정상,정상영업,,,,,23354001,04014,서울특별시 마포구 망원로8길 60. 1층 (망원동),경동설비건축,37.5548905,126.906121,20150626 ,제7조의3제2항에따른경우,
서울특별시,마포구,20150615 ,,영업/정상,정상영업,,,,,215770711,04050,서울특별시 마포구 홍익로6길 52 (동교동),(주)코리아세븐 마포홍익점,37.5562719,126.924372,20150615 ,제7조의3제2항에따른경우,
서울특별시,마포구,20150612 ,,영업/정상,정상영업,,,,,23237003,04019,서울특별시 마포구 동교로8길 1. 1층 (합정동),초록공인중개사사무소,37.5518618,126.905022,20150612 ,제7조의3제2항에따른경우,
서울특별시,마포구,20150610 ,,영업/정상,정상영업,,,,,,04181,서울특별시 마포구 새창로6길 43. 지층 (도화동),GS25 도화베네스트점,37.5403146,126.951827,20150610 ,제7조의3제2항에따른경우,
서울특별시,마포구,20150602 ,,영업/정상,정상영업,,,,,,04113,서울특별시 마포구 신촌로 192. 1층 (염리동),칙베이프,37.5565883,126.947085,20150602 ,제7조의3제2항에따른경우,
서울특별시,마포구,20150601 ,,영업/정상,정상영업,,,,,,04059,서울특별시 마포구 와우산로 140. 1층 101.102호 (창전동),세븐일레븐 홍대교연점,37.5537879,126.929149,20150601 ,제7조의3제2항에따른경우,
서울특별시,마포구,20150520 ,,영업/정상,정상영업,,,,,215770711,04202,서울특별시 마포구 마포대로24길 5. 102동 101호 (아현동. 공덕자이단지내상가),(주)코리아세븐 공덕자이점,37.553188,126.96045,20150520 ,제7조의3제2항에따른경우,
서울특별시,마포구,20150520 ,,영업/정상,정상영업,,,,,,04074,서울특별시 마포구 와우산로3길 50. 지층 (당인동),스케이트 팝,37.5455663,126.920185,20150520 ,제7조의3제2항에따른경우,
서울특별시,마포구,20150511 ,,영업/정상,정상영업,,,,,,04179,서울특별시 마포구 삼개로 35. 1층 102호 (도화동. 우성아파트상가),씨유 마포우성점,37.5367676,126.948527,20150511 ,제7조의3제2항에따른경우,
서울특별시,마포구,20150507 ,,영업/정상,정상영업,,,,,221311243,04057,서울특별시 마포구 신촌로 66. 1층 (노고산동),주식회사 농협하나로유통 하나로마트 신촌점,37.5560188,126.933123,20150507 ,제7조의3제2항에따른경우,
서울특별시,마포구,20150421 ,,영업/정상,정상영업,,,,,,03961,서울특별시 마포구 월드컵로31길 44. 오월의집 1층 (망원동),이마트24 마포망원점,37.5609728,126.902373,20150421 ,제7조의3제2항에따른경우,
서울특별시,마포구,20150407 ,,영업/정상,정상영업,,,,,27154037,0,서울특별시 마포구 만리재옛길 761. 1층 (공덕동),대원상회,37.549769,126.959246,20150407 ,제7조의3제2항에따른경우,
서울특별시,마포구,20150325 ,,영업/정상,정상영업,,,,,,0,서울특별시 마포구 마포대로 638. 지하1층 5호 (도화동. 삼창프라자빌딩),시가모아전자담배,37.5422104,126.947784,20150325 ,제7조의3제3항에따른경우,
서울특별시,마포구,20150316 ,,영업/정상,정상영업,,,,,,04115,서울특별시 마포구 신촌로30길 3. 1층 (아현동),씨유 마포아이파크SK뷰점,37.556772,126.952131,20150316 ,제7조의3제2항에따른경우,
서울특별시,마포구,20150312 ,,영업/정상,정상영업,,,,,,04100,서울특별시 마포구 서강로 142. 1층 (노고산동),하카전자담배 신촌점,37.5543466,126.936328,20150312 ,제7조의3제2항에따른경우,
서울특별시,마포구,20150310 ,,영업/정상,정상영업,,,,,,03984,서울특별시 마포구 동교로 239 (연남동),코리아세븐 마포연남중앙점,37.5612256,126.924054,20150310 ,제7조의3제2항에따른경우,
서울특별시,마포구,20150310 ,,영업/정상,정상영업,,,,,,04204,서울특별시 마포구 마포대로20길 26. 1동 지하1층 1호 (공덕동. 삼성래미안아파트상가),GS25 공덕래미안점,37.5510698,126.959525,20150310 ,제7조의3제2항에따른경우,
서울특별시,마포구,20150304 ,,영업/정상,정상영업,,,,,,03982,서울특별시 마포구 연희로1길 45. 1층 (연남동),GS25 연남호호점,37.5610173,126.925919,20150304 ,제7조의3제2항에따른경우,
서울특별시,마포구,20150304 ,,영업/정상,정상영업,,,,,27017822,04090,서울특별시 마포구 대흥로 57. 1층 (대흥동),마포란원,37.5456975,126.939735,20150304 ,제7조의3제2항에따른경우,
서울특별시,마포구,20150303 ,,영업/정상,정상영업,,,,,222741741,04107,서울특별시 마포구 백범로 35. 2층 (신수동. 서강대학교 마태오관),(주)영우 서강대학교 편의점,37.5513353,126.940737,20150303 ,제7조의3제3항에따른경우,
서울특별시,마포구,20150223 ,,영업/정상,정상영업,,,,,,04001,서울특별시 마포구 동교로17안길 51 (서교동),GS25 서교본점,37.5565158,126.918726,20150223 ,제7조의3제2항에따른경우,
서울특별시,마포구,20150223 ,,영업/정상,정상영업,,,,,,04206,서울특별시 마포구 마포대로 208. 1층 105호 (아현동. 마포효성인텔리안),씨유 마포인텔리안점,37.5524425,126.956812,20150223 ,제7조의3제2항에따른경우,
서울특별시,마포구,20150223 ,,영업/정상,정상영업,,,,,,04106,서울특별시 마포구 대흥로 171. 1층 (대흥동),씨유 마포월드점,37.5541673,126.94547,20150223 ,제7조의3제2항에따른경우,
서울특별시,마포구,20150216 ,,영업/정상,정상영업,,,,,,04055,서울특별시 마포구 와우산로23길 48. 1층 (서교동),피우리 전자담배 홍대점,37.5548699,126.923689,20150216 ,제7조의3제2항에따른경우,
서울특별시,마포구,20150216 ,,영업/정상,정상영업,,,,,,03902,서울특별시 마포구 월드컵북로 481. 1층 2101호 (상암동. 상암오벨리스크2차),씨유상암오벨리스크2차점,37.5697271,126.902993,20150216 ,제7조의3제2항에따른경우,
서울특별시,마포구,20150212 ,,영업/정상,정상영업,,,,,23048276,03918,서울특별시 마포구 월드컵북로 496 (상암동. 자동차관련시설),(주)지에스리테일 GS수퍼 마포상암점,37.5697271,126.902993,20150212 ,제7조의3제3항에따른경우,
서울특별시,마포구,20150212 ,,영업/정상,정상영업,,,,,,04053,서울특별시 마포구 와우산로29마길 12. 지층 102호 (서교동),매슬로우,37.5555522,126.926482,20150212 ,제7조의3제2항에따른경우,
서울특별시,마포구,20150211 ,,영업/정상,정상영업,,,,,,04046,서울특별시 마포구 독막로 21 (합정동),서울베이퍼즈,37.5485874,126.915855,20150211 ,제7조의3제2항에따른경우,
서울특별시,마포구,20150121 ,,영업/정상,정상영업,,,,,23366783,03959,서울특별시 마포구 월드컵로29길 58. 1층 (망원동),씨유 망원현대점,37.5590704,126.903113,20150121 ,제7조의3제2항에따른경우,
서울특별시,마포구,20150114 ,,영업/정상,정상영업,,,,,23530070,04077,서울특별시 마포구 독막로20나길 21. 105호 (상수동. 래미안밤섬리베뉴Ⅱ상가),토토공인중개사사무소,37.5482696,126.915491,20150114 ,제7조의3제2항에따른경우,
서울특별시,마포구,20150113 ,,영업/정상,정상영업,,,,,,0,서울특별시 마포구 마포대로 638. 1층 1031호 (도화동. 삼창프라자),GS25 마포영진,37.5422104,126.947784,20150113 ,제7조의3제2항에따른경우,
서울특별시,마포구,20150109 ,,영업/정상,정상영업,,,,,,0,서울특별시 마포구 독막로 2481 (대흥동),굿잡,37.5463112,126.94105,20150109 ,제7조의3제2항에따른경우,
서울특별시,마포구,20150109 ,,영업/정상,정상영업,,,,,,0,서울특별시 마포구 성지1길 120 (합정동),굿잡,37.5480919,126.91409,20150109 ,제7조의3제2항에따른경우,
서울특별시,마포구,20150102 ,,영업/정상,정상영업,,,,,,0,서울특별시 마포구 독막로19길 4218 (상수동),씨유 홍대학사점,37.5497603,126.924002,20150102 ,제7조의3제2항에따른경우,
서울특별시,마포구,20141223 ,,영업/정상,정상영업,,,,,,03927,서울특별시 마포구 월드컵북로44길 58 (상암동),상암전자담배멀티샵,37.5772118,126.894423,20141223 ,제7조의3제2항에따른경우,
서울특별시,마포구,20141212 ,,영업/정상,정상영업,,,,,3337355,03985,서울특별시 마포구 양화로 193 (동교동),신알파프라자,37.5588,126.925836,20141212 , ,
서울특별시,마포구,20141126 ,,영업/정상,정상영업,,,,,,04186,서울특별시 마포구 효창목4길 3 (공덕동),씨유 공덕한겨레2호점,37.5473129,126.959365,20141126 ,제7조의3제2항에따른경우,
서울특별시,마포구,20141124 ,,영업/정상,정상영업,,,,,,04199,서울특별시 마포구 손기정로 10 (아현동),미래유통,37.5574423,126.960784,20141124 ,제7조의3제2항에따른경우,
서울특별시,마포구,20141124 ,,영업/정상,정상영업,,,,,3379500,04076,서울특별시 마포구 독막로20나길 22. 104호 (상수동. 래미안밤섬리베뉴1 상가),정문공인중개사사무소,37.546327,126.92614,20141124 ,제7조의3제2항에따른경우,
서울특별시,마포구,20141118 ,,영업/정상,정상영업,,,,,,04109,서울특별시 마포구 서강로20길 14 (노고산동),위드미 마포노고산점,37.5537282,126.936302,20141118 ,제7조의3제2항에따른경우,
서울특별시,마포구,20141113 ,,영업/정상,정상영업,,,,,,04129,서울특별시 마포구 마포대로 195. 1111호 (아현동. 마포래미안푸르지오 단지내상가),(주)코리아세븐 아현푸르지오점,37.5458958,126.951506,20141113 ,제7조의3제2항에따른경우,
서울특별시,마포구,20141103 ,,영업/정상,정상영업,,,,,,04010,서울특별시 마포구 망원로 74 (망원동),마포전자담배 액상몰 망원점,37.5571882,126.904959,20141103 ,제7조의3제2항에따른경우,
서울특별시,마포구,20141027 ,,영업/정상,정상영업,,,,,,04104,서울특별시 마포구 신촌로 160. 101호 (대흥동. 서희스타힐스),세븐일레븐 이대역 서희점,37.5557391,126.899703,20141027 ,제7조의3제3항에따른경우,
서울특별시,마포구,20141021 ,,영업/정상,정상영업,,,,,,03996,서울특별시 마포구 월드컵로 84 (서교동),한국전자담배 마포지사,37.5563758,126.910059,20141021 ,제7조의3제2항에따른경우,
서울특별시,마포구,20141020 ,,영업/정상,정상영업,,,,,,04007,서울특별시 마포구 희우정로 128 (망원동),마포 전자담배 멀티샵,37.5557391,126.899703,20141020 ,제7조의3제2항에따른경우,
서울특별시,마포구,20141013 ,,영업/정상,정상영업,,,,,32729020,04137,서울특별시 마포구 숭문길 57 (염리동),염리마트,37.549073,126.945497,20141013 ,제7조의3제2항에따른경우,
서울특별시,마포구,20141002 ,,영업/정상,정상영업,,,,,,04072,서울특별시 마포구 독막로 34 (합정동),합정 전자담배 스토어,37.5479631,126.917141,20141002 ,제7조의3제2항에따른경우,
서울특별시,마포구,20141001 ,,영업/정상,정상영업,,,,,,04097,서울특별시 마포구 신수로 88 (신정동),이마트24 마포신수점,37.549155,126.935147,20141001 ,제7조의3제2항에따른경우,
서울특별시,마포구,20140826 ,,영업/정상,정상영업,,,,,,03902,서울특별시 마포구 월드컵북로 497. 1층 101~4호 (상암동),신바람 장바구니,37.5697271,126.902993,20140826 ,제7조의3제2항에따른경우,
서울특별시,마포구,20140818 ,,영업/정상,정상영업,,,,,7141761,04166,서울특별시 마포구 토정로31길 12. 1층 (용강동),드림디포 (마포용강점),37.5414141,126.942455,20140818 ,제7조의3제2항에따른경우,
서울특별시,마포구,20140805 ,,영업/정상,정상영업,,,,,7070711,04101,서울특별시 마포구 백범로 13 (노고산동),(주)코리아세븐 서강대르메이에르점,37.5534308,126.937591,20140805 ,제7조의3제2항에따른경우,
서울특별시,마포구,20140805 ,,영업/정상,정상영업,,,,,,0,서울특별시 마포구 홍익로2길 2715 (서교동),충남상회,37.5554081,126.92411,20140805 ,제7조의3제2항에따른경우,
서울특별시,마포구,20140805 ,,영업/정상,정상영업,,,,,,03918,서울특별시 마포구 구룡길 19. C동 101호 (상암동),씨유 상암오벨리스크,37.588972,126.882421,20140805 ,제7조의3제2항에따른경우,
서울특별시,마포구,20140730 ,,영업/정상,정상영업,,,,,,04168,서울특별시 마포구 새창로 7. 서울대학교 총동창회 장학빌딩 1층 (도화동),롯데씨브이에스711(주) 마포센터점,37.5424246,126.950897,20140730 ,제7조의3제2항에따른경우,
서울특별시,마포구,20140721 ,,영업/정상,정상영업,,,,,,04158,서울특별시 마포구 마포대로 53. 109호 (도화동. 마포트라팰리스),씨유 트라팰리스점,37.5413911,126.947044,20140721 ,제7조의3제2항에따른경우,
서울특별시,마포구,20140704 ,,영업/정상,정상영업,,,,,3356398,04013,서울특별시 마포구 월드컵로13길 9 (망원동),(주)코리아세븐 마포망원역점,37.5555348,126.909738,20140704 ,제7조의3제2항에따른경우,
서울특별시,마포구,20140623 ,,영업/정상,정상영업,,,,,,03966,서울특별시 마포구 월드컵북로 121 (성산동),GS25 마포성산점,37.5637036,126.912568,20140623 ,제7조의3제2항에따른경우,
서울특별시,마포구,20140612 ,,영업/정상,정상영업,,,,,,04012,서울특별시 마포구 월드컵로23길 25 (망원동),망원사진관,37.556679,126.907773,20140612 ,제7조의3제2항에따른경우,
서울특별시,마포구,20140611 ,,영업/정상,정상영업,,,,,,04117,서울특별시 마포구 마포대로 247 (아현동),토큰박스,37.5564588,126.95696,20140611 ,제7조의3제2항에따른경우,
서울특별시,마포구,20140514 ,,영업/정상,정상영업,,,,,7117395,0,서울특별시 마포구 백범로 1691 (공덕동),마포 전자담배 베이프온,37.5447733,126.949637,20140514 ,제7조의3제2항에따른경우,
서울특별시,마포구,20140423 ,,영업/정상,정상영업,,,,,3361004,04021,서울특별시 마포구 포은로 48 (합정동),다복사 부동산,37.5516503,126.907085,20140423 ,제7조의3제2항에따른경우,
서울특별시,마포구,20140317 ,,영업/정상,정상영업,,,,,7197391,03964,서울특별시 마포구 방울내로 761. 1층 전체 (망원동),GS25 망원그린점,37.5603165,126.903886,20140317 ,제7조의3제2항에따른경우,
서울특별시,마포구,20140314 ,,영업/정상,정상영업,,,,,,04051,서울특별시 마포구 홍익로6길 83 (동교동),홍대전자담배프라자,37.5573664,126.92553,20140314 ,제7조의3제2항에따른경우,
서울특별시,마포구,20140226 ,,영업/정상,정상영업,,,,,,03999,서울특별시 마포구 월드컵북로7길 26 (서교동),세명복권,37.5579387,126.916581,20140226 ,제7조의3제2항에따른경우,
서울특별시,마포구,20140212 ,,영업/정상,정상영업,,,,,3091412,03902,서울특별시 마포구 월드컵북로 501. 상가동 104호. 105호 (상암동. 상암월드컵파크9단지),지에스25 상암9단지점,37.5833058,126.878509,20140212 ,제7조의3제2항에따른경우,
서울특별시,마포구,20140124 ,,영업/정상,정상영업,,,,,,04021,서울특별시 마포구 포은로 42 (합정동),GS25 합정청마점,37.5512829,126.907207,20140124 ,제7조의3제2항에따른경우,
서울특별시,마포구,20131224 ,,영업/정상,정상영업,,,,,7038984,04196,서울특별시 마포구 백범로 202. 105호 (신공덕동),(주)코리아세븐 마포KCC웰츠타워점,37.5428088,126.952455,20131224 ,제7조의3제3항에따른경우,
서울특별시,마포구,20131223 ,,영업/정상,정상영업,,,,,,03974,서울특별시 마포구 성미산로17길 114 (연남동),세븐일레븐 마포연남본점,37.5665075,126.917063,20131223 ,제7조의3제2항에따른경우,
서울특별시,마포구,20131218 ,,영업/정상,정상영업,,,,,,04050,서울특별시 마포구 양화로 156. B1192호 (동교동. LG팰리스빌딩),스누스와전자담배 홍대입구역점,37.5560805,126.923445,20131218 ,제7조의3제3항에따른경우,
서울특별시,마포구,20131217 ,,영업/정상,정상영업,,,,,3228192,04036,서울특별시 마포구 양화로 45. 1층 144호 (서교동. 메세나폴리스),세븐일레븐 메세나폴리스점,37.5489656,126.913477,20131217 ,제7조의3제3항에따른경우,
서울특별시,마포구,19930730 ,,영업/정상,정상영업,,,,,3243145,04040,서울특별시 마포구 와우산로21길 14 (서교동),굿타임24 홍대점,37.5524438,126.923137,19930730 , ,
서울특별시,마포구,20131127 ,,영업/정상,정상영업,,,,,,04111,서울특별시 마포구 서강대길 12 (신수동),씨유 서강대학사점,37.5492086,126.939908,20131127 ,제7조의3제2항에따른경우,
서울특별시,마포구,19990823 ,,영업/정상,정상영업,,,,,3375065,04033,서울특별시 마포구 양화로 115 (서교동),서교동가판점,37.5540672,126.919452,19990823 ,제7조의3제2항에따른경우,
서울특별시,마포구,20131108 ,,영업/정상,정상영업,,,,,02 810 6393,04019,서울특별시 마포구 동교로 10. 2667부대 (합정동),국군복지단 수방507천마중대마트(위),37.5511653,126.904043,20131108 ,제7조의3제2항에따른경우,
서울특별시,마포구,20131108 ,,영업/정상,정상영업,,,,,,03988,서울특별시 마포구 성미산로 112 (연남동),지에스(GS)25 연남경성점,37.5620421,126.919537,20131108 ,제7조의3제2항에따른경우,
서울특별시,마포구,20131018 ,,영업/정상,정상영업,,,,,,04013,서울특별시 마포구 월드컵로11길 14 (망원동),GS25 망원나래길점,37.5547421,126.910145,20131018 ,제7조의3제2항에따른경우,
서울특별시,마포구,20130927 ,,영업/정상,정상영업,,,,,27175389,0121881,서울특별시 마포구 서강로3길 5 (창전동),씨유 마포창전점,37.5491774,126.931448,20130927 ,제7조의3제2항에따른경우,
서울특별시,마포구,20130925 ,,영업/정상,정상영업,,,,,3362375,04065,서울특별시 마포구 월드컵로1길 21 (합정동),이마트24 합정동마점,37.5493454,126.911767,20130925 ,제7조의3제2항에따른경우,
서울특별시,마포구,20130923 ,,영업/정상,정상영업,,,,,7086328965,04027,서울특별시 마포구 양화로12길 19 (서교동),저스트포그전자담배 홍대점,37.5519635,126.918201,20130923 ,제7조의3제2항에따른경우,
서울특별시,마포구,20130820 ,,영업/정상,정상영업,,,,,,04043,서울특별시 마포구 신촌로 170 (대흥동),씨유 이대푸르지오점,37.5575088,126.944032,20130820 ,제7조의3제3항에따른경우,
서울특별시,마포구,20130704 ,,영업/정상,정상영업,,,,,32740009,04104,서울특별시 마포구 큰우물로 52 (용강동),레몬마트,37.5420046,126.944307,20130704 ,제7조의3제3항에따른경우,
서울특별시,마포구,20130617 ,,영업/정상,정상영업,,,,,,04166,서울특별시 마포구 양화로1길 67 (합정동),GS25 합정들머리점,37.5514228,126.909379,20130617 ,제7조의3제2항에따른경우,
서울특별시,마포구,20130610 ,,영업/정상,정상영업,,,,,,04021,서울특별시 마포구 백범로 199,GS25 공덕대우점,37.5434128,126.952896,20130610 ,제7조의3제2항에따른경우,
서울특별시,마포구,20130607 ,,영업/정상,정상영업,,,,,,04195,서울특별시 마포구 성산로6길 21 (성산동),씨유 성산1동점,37.5638863,126.910983,20130607 ,제7조의3제2항에따른경우,
서울특별시,마포구,20130603 ,,영업/정상,정상영업,,,,,3320688,03966,서울특별시 마포구 양화로 57 (서교동),서교한샘홈인테리어&주방가구,37.550447,126.914657,20130603 ,제7조의3제2항에따른경우,
서울특별시,마포구,20130523 ,,영업/정상,정상영업,,,,,3631304,04037,서울특별시 마포구 환일2길 3 (아현동),일신건재,37.5566515,126.959799,20130523 ,제7조의3제2항에따른경우,
서울특별시,마포구,20130516 ,,영업/정상,정상영업,,,,,,04199,서울특별시 마포구 상암산로 486. 지하1층 (상암동. 디엠씨씨빌딩),씨유 중앙미디어사옥점,37.5784516,126.891539,20130516 ,제7조의3제2항에따른경우,
서울특별시,마포구,20130516 ,,영업/정상,정상영업,,,,,,04061,서울특별시 마포구 서강로9길 60 (창전동),코리아세븐 홍대창전점,37.5546031,126.930511,20130516 ,제7조의3제2항에따른경우,
서울특별시,마포구,20130415 ,,영업/정상,정상영업,,,,,3024966,03952,서울특별시 마포구 모래내로9길 6 (성산동),이마트24 성산아이파크점,37.5674474,126.914628,20130415 ,제7조의3제2항에따른경우,
서울특별시,마포구,20130312 ,,영업/정상,정상영업,,,,,69388924,04036,서울특별시 마포구 양화로 45 (서교동),홈플러스합정점,37.5489656,126.913477,20130312 ,제7조의3제3항에따른경우,
서울특별시,마포구,20130204 ,,영업/정상,정상영업,,,,,3332717,04048,서울특별시 마포구 어울마당로 35 (서교동),씨유 홍대거리점,37.5484417,126.920106,20130204 ,제7조의3제2항에따른경우,
서울특별시,마포구,20130130 ,,영업/정상,정상영업,,,,,7067755,04104,서울특별시 마포구 신촌로 150 (노고산동),하모니마트신촌점,37.556221,126.942077,20130130 ,제7조의3제2항에따른경우,
서울특별시,마포구,20130128 ,,영업/정상,정상영업,,,,,,04034,서울특별시 마포구 잔다리로7안길 4. 1층 (서교동),GS25 서교명품점,37.5529149,126.917009,20130128 ,제7조의3제2항에따른경우,
서울특별시,마포구,20121112 ,,영업/정상,정상영업,,,,,,03941,서울특별시 마포구 성암로7길 22 (중동),(주)코리아세븐 마포중동점,37.5696474,126.906495,20121112 ,제7조의3제2항에따른경우,
서울특별시,마포구,20121106 ,,영업/정상,정상영업,,,,,,04030,서울특별시 마포구 동교로 142 (서교동),(주)코리아세븐 서교중앙점,37.5551115,126.917788,20121106 ,제7조의3제2항에따른경우,
서울특별시,마포구,20121023 ,,영업/정상,정상영업,,,,,,03984,서울특별시 마포구 동교로29길 32 (연남동),GS25 연남공원점,37.5619021,126.923252,20121023 ,제7조의3제2항에따른경우,
서울특별시,마포구,20121004 ,,영업/정상,정상영업,,,,,26616610,04044,서울특별시 마포구 독막로3길 33 (서교동),서교슈퍼,37.5497017,126.917197,20121004 ,제7조의3제2항에따른경우,
서울특별시,마포구,20120928 ,,영업/정상,정상영업,,,,,,04007,서울특별시 마포구 희우정로 118 (망원동),씨유망원스카이점,37.5552173,126.900465,20120928 ,제7조의3제2항에따른경우,
서울특별시,마포구,20120828 ,,영업/정상,정상영업,,,,,,04057,서울특별시 마포구 신촌로12나길 30 (노고산동),행운생활용품백화점,37.5549284,126.934104,20120828 ,제7조의3제2항에따른경우,
서울특별시,마포구,20120724 ,,영업/정상,정상영업,,,,,,03997,서울특별시 마포구 월드컵로14길 29 (서교동),지에스25 서교미리내점,37.5562962,126.912076,20120724 ,제7조의3제2항에따른경우,
서울특별시,마포구,20120720 ,,영업/정상,정상영업,,,,,,04054,서울특별시 마포구 와우산로23길 14 (서교동),씨유 홍대한벗점,37.5536626,126.924485,20120720 ,제7조의3제2항에따른경우,
서울특별시,마포구,20120712 ,,영업/정상,정상영업,,,,,7023354,04088,서울특별시 마포구 토정로 233 (신수동.1층),GS25  마포현대점,37.5441063,126.93653,20120712 ,제7조의3제2항에따른경우,
서울특별시,마포구,20120608 ,,영업/정상,정상영업,,,,,234598000,03918,서울특별시 마포구 월드컵북로 502 (상암동.월드컵파크프라자 지하1층),홈플러스 익스프레스 상암점,37.5853823,126.882182,20120608 ,제7조의3제3항에따른경우,
서울특별시,마포구,20120608 ,,영업/정상,정상영업,,,,,3323435,04074,서울특별시 마포구 와우산로 21  (상수동),GS25 상수홍대점,37.5463861,126.922734,20120608 ,제7조의3제2항에따른경우,
서울특별시,마포구,20120604 ,,영업/정상,정상영업,,,,,,03942,서울특별시 마포구 월드컵북로38길 48.  103호 (중동.월드컵참누리아파트상가동),(주)코리아세븐 참누리월드컵단지점,37.5717497,126.905148,20120604 ,제7조의3제2항에따른경우,
서울특별시,마포구,20120524 ,,영업/정상,정상영업,,,,,7800788,04077,서울특별시 마포구 토정로 149  (상수동.1층),미니스톱 밤섬자이 행복점,37.5458049,126.927682,20120524 ,제7조의3제2항에따른경우,
서울특별시,마포구,20120413 ,,영업/정상,정상영업,,,,,,03949,서울특별시 마포구 성암로3길 27 (중동.1층),세븐일레븐 중동성사길점,37.568238,126.911146,20120413 ,제7조의3제2항에따른경우,
서울특별시,마포구,20120405 ,,영업/정상,정상영업,,,,,15770711,0,서울특별시 마포구 양화로12길 85  (서교동.1층),(주)코리아세븐 서교세길점,37.551701,126.917776,20120405 ,제7조의3제2항에따른경우,
서울특별시,마포구,20120323 ,,영업/정상,정상영업,,,,,,04057,서울특별시 마포구 신촌로 78  (노고산동.1층(세민약국옆)),명보당,37.5556959,126.934481,20120323 ,제7조의3제2항에따른경우,
서울특별시,마포구,20120326 ,,영업/정상,정상영업,,,,,,03994,서울특별시 마포구 양화로21길 21  (동교동.1층),GS25 홍대동교점,37.5590531,126.924835,20120326 ,제7조의3제2항에따른경우,
서울특별시,마포구,20120319 ,,영업/정상,정상영업,,,,,,03925,서울특별시 마포구 월드컵북로 396.  1075호 (상암동.누리꿈스퀘어 지하1층),씨유 상암누리꿈점,37.5791192,126.890294,20120319 ,제7조의3제3항에따른경우,
서울특별시,마포구,20120314 ,,영업/정상,정상영업,,,,,32848441,0,서울특별시 마포구 신촌로 지하 104. 1층 (노고산동. 2호선신촌역(7번출구인근)),(주)코리아세븐 M신촌역점,37.6081638,126.957589,20120314 ,제7조의3제3항에따른경우,
서울특별시,마포구,20120229 ,,영업/정상,정상영업,,,,,,04136,서울특별시 마포구 대흥로 118. 1층 (대흥동),지에스25 서강대후문점,37.5498934,126.943935,20120229 ,제7조의3제2항에따른경우,
서울특별시,마포구,20120206 ,,영업/정상,정상영업,,,,,231421620,03946,서울특별시 마포구 월드컵북로 204. 1층 (성산동),GS25 마포성산로점,37.5689225,126.906338,20120206 ,제7조의3제2항에따른경우,
서울특별시,마포구,20110622 ,,영업/정상,정상영업,,,,,23345756,03986,서울특별시 마포구 동교로23길 82 (연남동),아이바바,37.5590541,126.918339,20110622 , ,
서울특별시,마포구,20111229 ,,영업/정상,정상영업,,,,,,03970,서울특별시 마포구 성미산로1길 71. 1층 (성산동),GS25 성산제일점,37.5607847,126.906274,20111229 ,제7조의3제2항에따른경우,
서울특별시,마포구,20111212 ,,영업/정상,정상영업,,,,,7167232,04169,서울특별시 마포구 새창로4나길 21. 1층 (도화동),용강슈퍼,37.5411016,126.952582,20111212 ,제7조의3제2항에따른경우,
서울특별시,마포구,20111116 ,,영업/정상,정상영업,,,,,31417234,04018,서울특별시 마포구 동교로 63. 1층 (망원동),이마트24 망원제일점,37.5535776,126.909227,20111116 ,제7조의3제2항에따른경우,
서울특별시,마포구,20111014 ,,영업/정상,정상영업,,,,,3320013,0,서울특별시 마포구 월드컵로 451 (합정동),삼진미싱,37.5533665,126.911646,20111014 ,제7조의3제2항에따른경우,
서울특별시,마포구,20110928 ,,영업/정상,정상영업,,,,,3024734,03914,서울특별시 마포구 월드컵북로43길 11.  B101호 (상암동.휴먼시아 상가동),(주)코리아세븐 상암휴먼시아점,37.574231,126.896142,20110928 ,제7조의3제2항에따른경우,
서울특별시,마포구,20110908 ,,영업/정상,정상영업,,,,,,04096,서울특별시 마포구 광성로6안길 18  (신수동.1층),GS25 신수사랑점,37.5486545,126.937707,20110908 ,제7조의3제2항에따른경우,
서울특별시,마포구,20110830 ,,영업/정상,정상영업,,,,,,0,서울특별시 마포구 광성로4길 1110  (신수동.1층),GS25 마포신수점,37.5493764,126.937929,20110830 ,제7조의3제2항에따른경우,
서울특별시,마포구,20110823 ,,영업/정상,정상영업,,,,,,03995,서울특별시 마포구 월드컵북로2길 29. 3호 (동교동.1층),미니스톱 홍대입구역점,37.556583,126.922332,20110823 ,제7조의3제2항에따른경우,
서울특별시,마포구,20110817 ,,영업/정상,정상영업,,,,,3336396,03957,서울특별시 마포구 방울내로 38 (망원동.지하1층),씨유 망원2동점,37.5586647,126.900185,20110817 ,제7조의3제2항에따른경우,
서울특별시,마포구,20110801 ,,영업/정상,정상영업,,,,,,04143,서울특별시 마포구 마포대로 155  (공덕동.마포LG빌딩 지하1층),GS25 마포LG점,37.5483082,126.953617,20110801 ,제7조의3제3항에따른경우,
서울특별시,마포구,20110801 ,,영업/정상,정상영업,,,,,,04168,서울특별시 마포구 마포대로 52.  106호 (도화동.고려아카데미텔2),세븐일레븐 마포고려점,37.5401668,126.947675,20110801 ,제7조의3제3항에따른경우,
서울특별시,마포구,20110801 ,,영업/정상,정상영업,,,,,,04039,서울특별시 마포구 홍익로5안길 42. 101호 (서교동.1층),세븐일레븐 홍대골목길점,37.5530095,126.920547,20110801 ,제7조의3제2항에따른경우,
서울특별시,마포구,20110729 ,,영업/정상,정상영업,,,,,7173429,04113,서울특별시 마포구 숭문16길 21 (염리동),햇빛촌 고려할인마트,37.5558712,126.947698,20110729 ,제7조의3제2항에따른경우,
서울특별시,마포구,20110720 ,,영업/정상,정상영업,,,,,3760037,03941,서울특별시 마포구 월드컵북로 230 (중동.성산현대상가 지층),성산마트,37.5700958,126.90383,20110720 ,제7조의3제3항에따른경우,
서울특별시,마포구,20110720 ,,영업/정상,정상영업,,,,,,04162,서울특별시 마포구 대흥로6길 13. 1층 (용강동),GS25 용강드림점,37.5423827,126.938139,20110720 ,제7조의3제2항에따른경우,
서울특별시,마포구,20110718 ,,영업/정상,정상영업,,,,,,04109,서울특별시 마포구 서강로20길 32  (노고산동.1층),좋은가게,37.5530059,126.936437,20110718 ,제7조의3제2항에따른경우,
서울특별시,마포구,20110707 ,,영업/정상,정상영업,,,,,3327389,0,서울특별시 마포구 독막로 761. 4호 (상수동.1층),잔티 오벨코리아 홍대점,37.5475181,126.92188,20110707 ,제7조의3제2항에따른경우,
서울특별시,마포구,20110623 ,,영업/정상,정상영업,,,,,32728544,04180,서울특별시 마포구 도화4길 73. 현대홈타운상가 108호. 109호.111호. 131호 (도화동. 현대홈타운),홈플러스 익스프레스 도화점,37.5392634,126.951624,20110623 ,제7조의3제3항에따른경우,
서울특별시,마포구,20110623 ,,영업/정상,정상영업,,,,,,04162,서울특별시 마포구 대흥로4길 55  (용강동.1층),서경석골프존,37.5413244,126.93989,20110623 ,제7조의3제2항에따른경우,
서울특별시,마포구,20110615 ,,영업/정상,정상영업,,,,,64087002,03958,서울특별시 마포구 월드컵로25길 139  (망원동.1층 A1),포시즌마트,37.5567746,126.900014,20110615 ,제7조의3제2항에따른경우,
서울특별시,마포구,20110610 ,,영업/정상,정상영업,,,,,3338523,04019,서울특별시 마포구 희우정로7길 12. 101호 (합정동.진흥푸르지오 1층),합정나들가게,37.5510408,126.905391,20110610 ,제7조의3제2항에따른경우,
서울특별시,마포구,20110526 ,,영업/정상,정상영업,,,,,3351716,04067,서울특별시 마포구 와우산로 76  (서교동.서교빌딩 1층),고스토어,37.5510885,126.923517,20110526 ,제7조의3제3항에따른경우,
서울특별시,마포구,20110525 ,,영업/정상,정상영업,,,,,3370995,03961,서울특별시 마포구 월드컵로31길 11 (망원동.1층),씨유 마포망원점,37.5615102,126.904065,20110525 ,제7조의3제2항에따른경우,
서울특별시,마포구,20110524 ,,영업/정상,정상영업,,,,,,03941,서울특별시 마포구 월드컵북로 230.  106호 (중동.현대상가),GS25 성산오케이점,37.5700958,126.90383,20110524 ,제7조의3제2항에따른경우,
서울특별시,마포구,20110523 ,,영업/정상,정상영업,,,,,,0,서울특별시 마포구 만리재옛길 661 (공덕동.1층),씨유 공덕래미안점,37.5492711,126.958265,20110523 ,제7조의3제2항에따른경우,
서울특별시,마포구,20110517 ,,영업/정상,정상영업,,,,,,04113,서울특별시 마포구 숭문길 214 (염리동.1층),씨유 이대역점,37.5558695,126.946602,20110517 ,제7조의3제2항에따른경우,
서울특별시,마포구,20110428 ,,영업/정상,정상영업,,,,,3360711,04025,서울특별시 마포구 양화로1길 38. 103호 (합정동.대운행복아파트 1층),세븐일레븐 합정동점,37.5503403,126.910506,20110428 ,제7조의3제3항에따른경우,
서울특별시,마포구,20110106 ,,영업/정상,정상영업,,,,,3379280,04057,서울특별시 마포구 신촌로12다길 15  (노고산동.1층),GS25 노고산점,37.5548587,126.933467,20110106 ,제7조의3제2항에따른경우,
서울특별시,마포구,20101231 ,,영업/정상,정상영업,,,,,,04100,서울특별시 마포구 서강로 136 (노고산동.아이비타워 B102호),씨유 신촌아이비점,37.5539954,126.935754,20101231 ,제7조의3제2항에따른경우,
서울특별시,마포구,20101227 ,,영업/정상,정상영업,,,,,21328005,03925,서울특별시 마포구 월드컵북로 396  (상암동.누리꿈스퀘어 지하1층 1060호),드림오피스,37.5791192,126.890294,20101227 ,제7조의3제3항에따른경우,
서울특별시,마포구,20101224 ,,영업/정상,정상영업,,,,,3066697,03938,서울특별시 마포구 월드컵로 204. 106호 (성산동. 상암이안1차),세븐일레븐 마포구청점,37.5653365,126.902086,20101224 ,제7조의3제3항에따른경우,
서울특별시,마포구,20101216 ,,영업/정상,정상영업,,,,,,04169,서울특별시 마포구 새창로 14  (도화동.1층),GS25 도화새창점,37.5420138,126.951508,20101216 ,제7조의3제2항에따른경우,
서울특별시,마포구,20101021 ,,영업/정상,정상영업,,,,,3642399,04117,서울특별시 마포구 굴레방로1길 25. 제지2층 제상가 109호 (아현동. 애오개아이파크),세븐일레븐 아현점,37.5542552,126.956436,20101021 ,제7조의3제2항에따른경우,
서울특별시,마포구,20101008 ,,영업/정상,정상영업,,,,,3329015,04205,서울특별시 마포구 마포대로14다길 16  (공덕동),보경유통,37.5493602,126.957746,20101008 ,제7조의3제2항에따른경우,
서울특별시,마포구,20100927 ,,영업/정상,정상영업,,,,,,03991,서울특별시 마포구 동교로27길 53. 1층 110호 (연남동),럭키할인마트,37.5600934,126.920938,20100927 ,제7조의3제3항에따른경우,
서울특별시,마포구,20100827 ,,영업/정상,정상영업,,,,,7018544,04163,서울특별시 마포구 토정로32길 4 (용강동),홈플러스 익스프레스 용강점,37.5410142,126.941269,20100827 ,제7조의3제3항에따른경우,
서울특별시,마포구,20100805 ,,영업/정상,정상영업,,,,,,0, ,씨유 공덕삼성점,37.5432,126.95566,20100805 ,제7조의3제2항에따른경우,
서울특별시,마포구,20100712 ,,영업/정상,정상영업,,,,,7016538,0, ,한일마트,37.55132,126.93534,20100712 ,제7조의3제2항에따른경우,
서울특별시,마포구,20100702 ,,영업/정상,정상영업,,,,,222905637,04150,서울특별시 마포구 큰우물로 3 (대흥동),롯데쇼핑(주)롯데슈퍼 마포대흥점,37.5453493,126.940192,20100702 ,제7조의3제3항에따른경우,
서울특별시,마포구,20100614 ,,영업/정상,정상영업,,,,,3249730,04019,서울특별시 마포구 희우정로 51. 101호 (합정동.1층),씨유 마포합정점,37.5511317,126.905858,20100614 ,제7조의3제2항에따른경우,
서울특별시,마포구,20100601 ,,영업/정상,정상영업,,,,,3381703,04058,서울특별시 마포구 서강로 135 (노고산동),씨유 신촌까사빌점,37.554477,126.935402,20100601 ,제7조의3제2항에따른경우,
서울특별시,마포구,20100601 ,,영업/정상,정상영업,,,,,,04100,서울특별시 마포구 백범로 4  (노고산동),GS25신촌로타리점,37.5542863,126.93674,20100601 ,제7조의3제2항에따른경우,
서울특별시,마포구,20100518 ,,영업/정상,정상영업,,,,,,03925,서울특별시 마포구 월드컵북로 402 (상암동.케이지아이티센터 132호),오렌지마트,37.5801248,126.888959,20100518 ,제7조의3제3항에따른경우,
서울특별시,마포구,20100511 ,,영업/정상,정상영업,,,,,3459 8001,03976,서울특별시 마포구 연남로 52 (연남동. 코오롱하늘채아파트),홈플러스 익스프레스 연남점,37.5631848,126.921431,20100511 ,제7조의3제2항에따른경우,
서울특별시,마포구,20100427 ,,영업/정상,정상영업,,,,,,04159,서울특별시 마포구 큰우물로 18 (대흥동),씨유 대흥사랑점,37.5442742,126.941181,20100427 ,제7조의3제2항에따른경우,
서울특별시,마포구,20100330 ,,영업/정상,정상영업,,,,,,0,서울특별시 마포구 도화길 141  (도화동),대성담배,37.5400487,126.947872,20100330 ,제7조의3제2항에따른경우,
서울특별시,마포구,20100323 ,,영업/정상,정상영업,,,,,,04043,서울특별시 마포구 독막로7길 53 (서교동),GS25홍대솔내길점,37.5501403,126.919824,20100323 ,제7조의3제2항에따른경우,
서울특별시,마포구,20100312 ,,영업/정상,정상영업,,,,,27134827,04185,서울특별시 마포구 효창목길 31. 지층 (공덕동),한겨레수선,37.5473533,126.958733,20100312 ,제7조의3제2항에따른경우,
서울특별시,마포구,20100204 ,,영업/정상,정상영업,,,,,,04028,서울특별시 마포구 희우정로 19 (합정동),GS합정패밀리점,37.549148,126.908241,20100204 ,제7조의3제2항에따른경우,
서울특별시,마포구,20100202 ,,영업/정상,정상영업,,,,,,04045,서울특별시 마포구 양화로 56 (서교동),(주)코리아세븐 합정역점,37.5497249,126.915015,20100202 ,제7조의3제3항에따른경우,
서울특별시,마포구,20100128 ,,영업/정상,정상영업,,,,,3323686,04007,서울특별시 마포구 망원로4길 24 (망원동),사랑나들가게,37.5555678,126.901923,20100128 ,제7조의3제2항에따른경우,
서울특별시,마포구,20100115 ,,영업/정상,정상영업,,,,,,03970,서울특별시 마포구 월드컵로30가길 26  (성산동),에덴마트,37.561052,126.90771,20100115 ,제7조의3제2항에따른경우,
서울특별시,마포구,20091217 ,,영업/정상,정상영업,,,,,,04040,서울특별시 마포구 홍익로 15  (서교동.1층 5호),커피랩,37.5537334,126.922963,20091217 ,제7조의3제2항에따른경우,
서울특별시,마포구,20091202 ,,영업/정상,정상영업,,,,,7082728294,04207,서울특별시 마포구 마포대로14길 9  (공덕동),인더라인 25시,37.5486619,126.955803,20091202 ,제7조의3제2항에따른경우,
서울특별시,마포구,20091110 ,,영업/정상,정상영업,,,,,31411004,03971,서울특별시 마포구 월드컵로26길 6 (성산동. 청우빌딩),씨유 성산행복점,37.5587964,126.908156,20091110 ,제7조의3제2항에따른경우,
서울특별시,마포구,20091015 ,,영업/정상,정상영업,,,,,,04053,서울특별시 마포구 와우산로29길 65  (서교동),타임스토어,37.5560429,126.926537,20091015 , ,
서울특별시,마포구,20090907 ,,영업/정상,정상영업,,,,,22905737,04146,서울특별시 마포구 마포대로 109 (공덕동.지하1층),롯데쇼핑(주) 프리미엄 푸드마켓 공덕점,37.5448909,126.950607,20090907 , ,
서울특별시,마포구,20090901 ,,영업/정상,정상영업,,,,,3335110,03995,서울특별시 마포구 양화로 157  (동교동.파라다이스텔 204),(주)잔티코리아,37.5566662,126.922948,20090901 , ,
서울특별시,마포구,20090901 ,,영업/정상,정상영업,,,,,,04078,서울특별시 마포구 독막로22길 3  (창전동.1층),자모마트,37.547106,126.929467,20090901 , ,
서울특별시,마포구,20090807 ,,영업/정상,정상영업,,,,,,04051,서울특별시 마포구 홍익로6길 74  (동교동.1.2층),커피와 사람들,37.5568997,126.925244,20090807 , ,
서울특별시,마포구,20090727 ,,영업/정상,정상영업,,,,,,04057,서울특별시 마포구 신촌로12길 18  (동교동),성결식품,37.5555855,126.932541,20090727 , ,
서울특별시,마포구,20090615 ,,영업/정상,정상영업,,,,,63930543,03908,서울특별시 마포구 월드컵북로 361. 104호 (상암동),GS25 상암중앙점,37.5770922,126.891376,20090615 , ,
서울특별시,마포구,20090217 ,,영업/정상,정상영업,,,,,,04017,서울특별시 마포구 포은로 67  (망원동),GS25마포한림,37.5532647,126.90599,20090217 , ,
서울특별시,마포구,20090217 ,,영업/정상,정상영업,,,,,3252237,04052,서울특별시 마포구 와우산로29길 16 (서교동),씨유 홍대3호,37.5549892,126.928977,20090217 , ,
서울특별시,마포구,20090203 ,,영업/정상,정상영업,,,,,,03921,서울특별시 마포구 월드컵북로60길 13. 104호 (상암동. DMC VILLE(외국인임대주택)),세븐일레븐 상암DMC빌점,37.5824487,126.88515,20090203 , ,
서울특별시,마포구,20081223 ,,영업/정상,정상영업,,,,,,04044,서울특별시 마포구 독막로3길 51  (서교동.(지하1층)),용다방(카페김지용),37.5504201,126.917714,20081223 , ,
서울특별시,마포구,20081223 ,,영업/정상,정상영업,,,,,,04109,서울특별시 마포구 백범로 28 (신수동.(1층)),세븐일레븐 서강레지던시아점,37.5519825,126.936955,20081223 , ,
서울특별시,마포구,20081125 ,,영업/정상,정상영업,,,,,802347575,03924,서울특별시 마포구 월드컵북로 416 (상암동.LG텔레콤 상암DMC사옥(지하1층 매점)),(주)아워홈 LG유플러스상암점,37.5804888,126.887709,20081125 ,제7조의3제3항에따른경우,
서울특별시,마포구,20081008 ,,영업/정상,정상영업,,,,,3050911,03911,서울특별시 마포구 월드컵로 338. 106호 (상암동. 상암월드컵파크 3단지),상암마트,37.5593963,126.905813,20081008 , ,
서울특별시,마포구,20080909 ,,영업/정상,정상영업,,,,,7071796,04144,서울특별시 마포구 마포대로 119  (공덕동.효성빌딩 지하2층),알파문구 마포점,37.545539,126.951648,20080909 , ,
서울특별시,마포구,20080819 ,,영업/정상,정상영업,,,,,,03930,서울특별시 마포구 성암로13길 4  (상암동.(1층)),행운슈퍼,37.5777967,126.896563,20080819 , ,
서울특별시,마포구,20080811 ,,영업/정상,정상영업,,,,,,04042,서울특별시 마포구 잔다리로 40 (서교동.(1층)),GS25홍대잔다리점,37.5519122,126.919288,20080811 , ,
서울특별시,마포구,20080805 ,,영업/정상,정상영업,,,,,,04057,서울특별시 마포구 신촌로16길 8  (노고산동.(1층.2층)),GS25노고산본점,37.5553204,126.934811,20080805 , ,
서울특별시,마포구,20080723 ,,영업/정상,정상영업,,,,,,04183,서울특별시 마포구 만리재로16길 38. 1층 (공덕동),동춘슈퍼,37.5499777,126.963407,20080723 , ,
서울특별시,마포구,20080520 ,,영업/정상,정상영업,,,,,63935151,03925,서울특별시 마포구 월드컵북로 402 (상암동.KGIT센터 144호(1층 평면도상 주출입구 기준 서측점포)),(주)코리아세븐 상암DMC점,37.5801248,126.888959,20080520 , ,
서울특별시,마포구,20080514 ,,영업/정상,정상영업,,,,,3339121,04038,서울특별시 마포구 양화로 124  (서교동.(1층)),보은식품,37.5542126,126.920776,20080514 , ,
서울특별시,마포구,20080424 ,,영업/정상,정상영업,,,,,,0, ,초록마트,37.57406,126.90175,20080424 , ,
서울특별시,마포구,20080416 ,,영업/정상,정상영업,,,,,7175378,04096,서울특별시 마포구 독막로31길 12  (신수동.(1층)),럭키,37.547668,126.939223,20080416 , ,
서울특별시,마포구,20080321 ,,영업/정상,정상영업,,,,,,04138,서울특별시 마포구 백범로 135  (염리동.(1층)),GS25서강로점,37.546222,126.946084,20080321 , ,
서울특별시,마포구,20080313 ,,영업/정상,정상영업,,,,,,04167,서울특별시 마포구 마포대로 지하 33 (도화동.마포역내(B1. X1719)),세븐일레븐 S마포역점,37.5458958,126.951506,20080313 ,제7조의3제3항에따른경우,
서울특별시,마포구,20080226 ,,영업/정상,정상영업,,,,,,04098,서울특별시 마포구 창전로 64  (신수동.(1층)),쎄븐일레븐 광흥창역점,37.5480415,126.932878,20080226 , ,
서울특별시,마포구,20080213 ,,영업/정상,정상영업,,,,,3754538,03928,서울특별시 마포구 성암로 202 (상암동),서울차량사업소복지향상회,37.5779679,126.897718,20080213 , ,
서울특별시,마포구,20080115 ,,영업/정상,정상영업,,,,,,04020,서울특별시 마포구 동교로 38  (합정동.(1층)),하모니마트,37.5523262,126.90651,20080115 , ,
서울특별시,마포구,20080110 ,,영업/정상,정상영업,,,,,63265949,03959,서울특별시 마포구 포은로 125  (망원동.(1층)),해남공판장,37.5579506,126.903906,20080110 , ,
서울특별시,마포구,20080104 ,,영업/정상,정상영업,,,,,3389253,04027,서울특별시 마포구 양화로 27  (합정동.(1층)),세븐일레븐 합정점,37.5491064,126.912224,20080104 , ,
서울특별시,마포구,20070528 ,,영업/정상,정상영업,,,,,23239820,04050,서울특별시 마포구 양화로 164. 유림빌딩 (동교동),가판점70호,37.5565639,126.923906,20070528 , ,
서울특별시,마포구,20071213 ,,영업/정상,정상영업,,,,,27191929,0, ,까페데미타스,37.53976,126.94738,20071213 , ,
서울특별시,마포구,20071128 ,,영업/정상,정상영업,,,,,23823574,04207,서울특별시 마포구 마포대로14가길 18  (공덕동.(1층)),전통대구탕,37.5500107,126.956411,20071128 , ,
서울특별시,마포구,20071112 ,,영업/정상,정상영업,,,,,23384755,03992,서울특별시 마포구 월드컵북로 30  (동교동),신성교역,37.5573073,126.919357,20071112 , ,
서울특별시,마포구,20071109 ,,영업/정상,정상영업,,,,,263777833,04195,서울특별시 마포구 만리재로 14 (공덕동.(지하 1층 9호)),상가매점,37.543843,126.95267,20071109 , ,
서울특별시,마포구,20071026 ,,영업/정상,정상영업,,,,,15770711,04202,서울특별시 마포구 마포대로 지하 210 (아현동.(애오개역 B1.X810)),세븐일레븐 S애오개역점,37.5458958,126.951506,20071026 , ,
서울특별시,마포구,20071025 ,,영업/정상,정상영업,,,,,15770711,04168,서울특별시 마포구 마포대로 68  (도화동.마포아크로타워101호(통로기준 서측점포)),세븐일레븐 마포아크로타워점,37.5412413,126.948945,20071025 , ,
서울특별시,마포구,20071025 ,,영업/정상,정상영업,,,,,3336354,04047,서울특별시 마포구 양화로6길 67. 101호 (서교동),씨유 합정태양,37.5486655,126.917975,20071025 , ,
서울특별시,마포구,20071009 ,,영업/정상,정상영업,,,,,,03981,서울특별시 마포구 토정로17길 6 (신수동.(비동 1층)),보배하이퍼마켓,37.5448397,126.93593,20071009 , ,
서울특별시,마포구,20071008 ,,영업/정상,정상영업,,,,,,04050,서울특별시 마포구 성미산로 199 (연남동.(1층)),인더라인25,37.5624787,126.9271,20071008 , ,
서울특별시,마포구,20070817 ,,영업/정상,정상영업,,,,,3256756,04058,서울특별시 마포구 양화로 156 (동교동.LG팰리스빌딩 102),GS25팰리스점,37.5560805,126.923445,20070817 , ,
서울특별시,마포구,19990118 ,,영업/정상,정상영업,,,,, ,0,서울특별시 마포구 신촌로 94  (노고산동.그랜드마트 앞 가판점),가판점,37.5549516,126.935973,19990118 , ,
서울특별시,마포구,19991101 ,,영업/정상,정상영업,,,,,7145488,0, ,염리마트,37.5523942,126.921349,19991101 , ,
서울특별시,마포구,19990802 ,,영업/정상,정상영업,,,,, ,04039,서울특별시 마포구 잔다리로6길 39  (서교동.(1층)),호남식품,37.5596746,126.899971,19990802 , ,
서울특별시,마포구,20070620 ,,영업/정상,정상영업,,,,,02 3386800,03960,서울특별시 마포구 월드컵로31길 93  (망원동.(1층)),하모니마트,37.549353,126.955601,20070620 , ,
서울특별시,마포구,20070607 ,,영업/정상,정상영업,,,,,02 7185151,04207,서울특별시 마포구 마포대로 174  (공덕동.(구내매점)),이조케터링(주)서부지원,37.5598815,126.916305,20070607 , ,
서울특별시,마포구,20070522 ,,영업/정상,정상영업,,,,,,03999,서울특별시 마포구 월드컵북로 69 (성산동.(1층)),세븐일레븐 마포 성산본점,37.558355,126.925154,20070522 , ,
서울특별시,마포구,20070521 ,,영업/정상,정상영업,,,,,,03994,서울특별시 마포구 양화로 183 (동교동.1층 103호),씨유 홍익인간점,37.5538819,126.913695,20070521 , ,
서울특별시,마포구,20070405 ,,영업/정상,정상영업,,,,,,04029,서울특별시 마포구 동교로12안길 24 (서교동.웰빙존 1층),지에스25 서교튼튼점,37.566843,126.908883,20070405 , ,
서울특별시,마포구,20070322 ,,영업/정상,정상영업,,,,,3133221,0, ,(주)샵프러스 유통,37.55561,126.95555,20070322 , ,
서울특별시,마포구,20070319 ,,영업/정상,정상영업,,,,,3071907,03947,서울특별시 마포구 월드컵북로27길 16  (성산동.1층),태평양마트,37.566843,126.908883,20070319 , ,
서울특별시,마포구,20070313 ,,영업/정상,정상영업,,,,,3369931,04022,서울특별시 마포구 월드컵로7길 44  (합정동.1층),양 슈퍼마켓,37.552916,126.90959,20070313 , ,
서울특별시,마포구,20070205 ,,영업/정상,정상영업,,,,,31431742,04066,서울특별시 마포구 와우산로 94  (상수동.인문관 C동 8층),(주)영우 홍익대학교매점,37.5509769,126.925701,20070205 , ,
서울특별시,마포구,20070129 ,,영업/정상,정상영업,,,,,31431740,04066,서울특별시 마포구 와우산로 94  (상수동.홍대와우관 4층),(주)영우 홍익대학교매점,37.5509769,126.925701,20070129 , ,
서울특별시,마포구,20070123 ,,영업/정상,정상영업,,,,,20062501,03932,서울특별시 마포구 월드컵로 240 (성산동. 월드컵주경기장),(주)지에스리테일 GS25월드컵경기장점,37.5677584,126.898115,20070123 , ,
서울특별시,마포구,20070123 ,,영업/정상,정상영업,,,,,20062501,03932,서울특별시 마포구 월드컵로 240  (성산동.월드컵경기장역),GS25 월드컵경기장역점,37.5677584,126.898115,20070123 , ,
서울특별시,마포구,20060626 ,,영업/정상,정상영업,,,,,23373239,03964,서울특별시 마포구 망원로7길 35 (망원동),삼덕상회,37.5589679,126.904884,20060626 , ,
서울특별시,마포구,20061201 ,,영업/정상,정상영업,,,,,,0,서울특별시 마포구 월드컵로15길 72 (망원동.1층),애플마트,37.5537857,126.907471,20061201 , ,
서울특별시,마포구,20060905 ,,영업/정상,정상영업,,,,,,0,서울특별시 마포구 삼개로 71 (도화동.1층),사임당 떡고을,37.5396218,126.947685,20060905 , ,
서울특별시,마포구,20060721 ,,영업/정상,정상영업,,,,,,03974,서울특별시 마포구 월드컵북로16길 63  (연남동),만경식당,37.5632311,126.917828,20060721 , ,
서울특별시,마포구,20060718 ,,영업/정상,정상영업,,,,,,04065,서울특별시 마포구 서강로 61 (창전동),서강낚시,37.5487317,126.931481,20060718 , ,
서울특별시,마포구,20060310 ,,영업/정상,정상영업,,,,,,04049,서울특별시 마포구 어울마당로 58 (서교동.1층),(주)코리아세븐 홍대클럽점,37.5500661,126.92127,20060310 ,제7조의3제2항에따른경우,
서울특별시,마포구,20060202 ,,영업/정상,정상영업,,,,,,04130,서울특별시 마포구 마포대로 173 (공덕동.하이엘상가1층 107호),GS25 마포하이엘점,37.5498579,126.954419,20060202 , ,
서울특별시,마포구,20060123 ,,영업/정상,정상영업,,,,,3365351,04030,서울특별시 마포구 동교로 150 (서교동),드림오피스,37.5552678,126.918719,20060123 , ,
서울특별시,마포구,20050715 ,,영업/정상,정상영업,,,,,,04003,서울특별시 마포구 잔다리로 111 (서교동),세븐일레븐 서교한우물점,37.5567738,126.914038,20050715 ,제7조의3제2항에따른경우,
서울특별시,마포구,20050525 ,,영업/정상,정상영업,,,,,,04017,서울특별시 마포구 포은로 75 (망원동),(주)코리아세븐 망원제일점,37.5538076,126.905552,20050525 ,제7조의3제2항에따른경우,
서울특별시,마포구,20050504 ,,영업/정상,정상영업,,,,,23378618,04010,서울특별시 마포구 망원로 80 (망원동),알뜰살림센터,37.5573072,126.905654,20050504 , ,
서울특별시,마포구,20050329 ,,영업/정상,정상영업,,,,,,04214,서울특별시 마포구 만리재로 23 (공덕동),C.A마트,37.5447971,126.953846,20050329 , ,
서울특별시,마포구,20050317 ,,영업/정상,정상영업,,,,,3361388,04053,서울특별시 마포구 와우산로29가길 29 (서교동.외2필지(21.22)),무과수 마트,37.5539494,126.927884,20050317 , ,
서울특별시,마포구,20040330 ,,영업/정상,정상영업,,,,,27021737,04168,서울특별시 마포구 마포대로 58. 가든호텔 (도화동),가판,37.5406675,126.948346,20040330 , ,
서울특별시,마포구,20041231 ,,영업/정상,정상영업,,,,,7067272,04087,서울특별시 마포구 토정로 193 (구수동.외 3필지),롯데슈퍼 마포점,37.5458057,126.93254,20041231 , ,
서울특별시,마포구,20041231 ,,영업/정상,정상영업,,,,,,04167,서울특별시 마포구 마포대로 33 (도화동.마포한화오벨리스크상가1층 112호),세븐일레븐오벨리스크점,37.5399759,126.945463,20041231 , ,
서울특별시,마포구,20041202 ,,영업/정상,정상영업,,,,,3368607,04053,서울특별시 마포구 어울마당로 130  (서교동),세븐일레븐 홍대중앙점,37.5557757,126.924502,20041202 , ,
서울특별시,마포구,20041118 ,,영업/정상,정상영업,,,,,231413790,04031,서울특별시 마포구 월드컵북로1길 50. 1층 우측 (서교동),씨유 마포뉴제일점,37.5540231,126.918867,20041118 , ,
서울특별시,마포구,20040910 ,,영업/정상,정상영업,,,,,7062413,04163,서울특별시 마포구 토정로32길 12 (토정동),세븐일레븐 마포토정로점,37.5402976,126.940737,20040910 , ,
서울특별시,마포구,20040616 ,,영업/정상,정상영업,,,,,31432535,04007,서울특별시 마포구 희우정로16길 7  (망원동),LG25망원희망점,37.5542854,126.90228,20040616 , ,
서울특별시,마포구,20040610 ,,영업/정상,정상영업,,,,,7110580,0,서울특별시 마포구 구수동 1번지,아리랑상회,37.5476775,126.933874,20040610 , ,
서울특별시,마포구,20040323 ,,영업/정상,정상영업,,,,,  02 7122763,04186,서울특별시 마포구 효창목길 26  (공덕동.1층),부부상회,37.5475491,126.960405,20040323 , ,
서울특별시,마포구,20031031 ,,영업/정상,정상영업,,,,, ,04057,서울특별시 마포구 신촌로10길 8 (동교동),옛집,37.5563204,126.9318,20031031 , ,
서울특별시,마포구,20031224 ,,영업/정상,정상영업,,,,,,04055,서울특별시 마포구 홍익로 10  (서교동.서교 푸르지오 아파트 101호),세븐일레븐 홍대신화점,37.553716,126.923624,20031224 , ,
서울특별시,마포구,20031212 ,,영업/정상,정상영업,,,,,,04012,서울특별시 마포구 월드컵로 89  (망원동.1층),홍익공인중개사사무소,37.5567162,126.909161,20031212 , ,
서울특별시,마포구,20031105 ,,영업/정상,정상영업,,,,,,03961,서울특별시 마포구 방울내로9길 14  (망원동),월드컵마트,37.5611548,126.903627,20031105 , ,
서울특별시,마포구,20031017 ,,영업/정상,정상영업,,,,,,03982,서울특별시 마포구 동교로 252 (연남동),그린옷수선,37.5623238,126.924538,20031017 , ,
서울특별시,마포구,20030808 ,,영업/정상,정상영업,,,,,,04058,서울특별시 마포구 신촌로 92 (노고산동),복권판매소,37.5551342,126.935646,20030808 , ,
서울특별시,마포구,20030611 ,,영업/정상,정상영업,,,,,,03980,서울특별시 마포구 성미산로 153  (연남동),서민마트,37.5644726,126.923335,20030611 , ,
서울특별시,마포구,20030516 ,,영업/정상,정상영업,,,,,,0,서울특별시 마포구 성미산로1길 4212  (성산동.한흥씨티빌 101),성산마트,37.5600411,126.908001,20030516 , ,
서울특별시,마포구,20030123 ,,영업/정상,정상영업,,,,,,04021,서울특별시 마포구 동교로 52  (합정동),코리아세븐 합정2호점,37.5528074,126.907978,20030123 , ,
서울특별시,마포구,20030110 ,,영업/정상,정상영업,,,,,,04159,서울특별시 마포구 대흥로 36 (용강동),코리아세븐 용강점,37.5439277,126.938717,20030110 , ,
서울특별시,마포구,20020125 ,,영업/정상,정상영업,,,,,7136954,04112,서울특별시 마포구 대흥동 2번지 6호,가로판매점,37.5566678,126.945694,20020125 , ,
서울특별시,마포구,20020528 ,,영업/정상,정상영업,,,,,3227755,04009,서울특별시 마포구 망원로 58 (망원동.(1층)),세븐일레븐 망원스타점,37.5568226,126.903237,20020528 , ,
서울특별시,마포구,20021202 ,,영업/정상,정상영업,,,,,,04074,서울특별시 마포구 어울마당로 26  (당인동.제일빌딩 1층),코리아세븐 당인동점,37.5474452,126.919915,20021202 , ,
서울특별시,마포구,20021121 ,,영업/정상,정상영업,,,,,3332771,04006,서울특별시 마포구 망원로 16 (망원동),용머리마트,37.5558661,126.898929,20021121 , ,
서울특별시,마포구,20021010 ,,영업/정상,정상영업,,,,,  02 3628779,04117,서울특별시 마포구 굴레방로 9  (아현동),광명지물,37.5548568,126.956043,20021010 , ,
서울특별시,마포구,20020926 ,,영업/정상,정상영업,,,,,02 3363992,04025,서울특별시 마포구 월드컵로3길 27 (합정동),해피타임,37.5502254,126.911237,20020926 , ,
서울특별시,마포구,20020903 ,,영업/정상,정상영업,,,,,  02 7195876,04151,서울특별시 마포구 독막로 291  (염리동),세븐일레븐 염리2호점,37.5446874,126.945469,20020903 , ,
서울특별시,마포구,20020625 ,,영업/정상,정상영업,,,,,,04035,서울특별시 마포구 월드컵로 30  (서교동),세븐일레븐 서교8호점,37.5520734,126.912603,20020625 , ,
서울특별시,마포구,20020524 ,,영업/정상,정상영업,,,,, ,03973,서울특별시 마포구 연남로11길 69 (성산동),만물마트,37.5649958,126.915129,20020524 , ,
서울특별시,마포구,20020524 ,,영업/정상,정상영업,,,,, ,03958,서울특별시 마포구 월드컵로25길 89  (망원동),중앙슈퍼,37.5573593,126.902816,20020524 , ,
서울특별시,마포구,20020521 ,,영업/정상,정상영업,,,,, ,0121841,서울특별시 마포구 월드컵북로 13 (서교동),세븐일레븐 마포스토리점,37.556054,126.920054,20020521 , ,
서울특별시,마포구,20020307 ,,영업/정상,정상영업,,,,,31426478,03962,서울특별시 마포구 월드컵로 157  (망원동),복권백화점,37.5615653,126.904753,20020307 , ,
서울특별시,마포구,20020304 ,,영업/정상,정상영업,,,,, ,03984,서울특별시 마포구 성미산로 142  (연남동),세븐일레븐마포연남점,37.5636161,126.922285,20020304 , ,
서울특별시,마포구,20020125 ,,영업/정상,정상영업,,,,, ,04039,서울특별시 마포구 홍익로3길 20  (서교동.서교쇼핑지하1층),서교하이퍼마켓,37.5534532,126.921684,20020125 , ,
서울특별시,마포구,20011116 ,,영업/정상,정상영업,,,,,23139889,04198,서울특별시 마포구 손기정로3길 8 (아현동),소망슈퍼,37.5579306,126.961392,20011116 , ,
서울특별시,마포구,20011227 ,,영업/정상,정상영업,,,,, ,04057,서울특별시 마포구 와우산로32길 37  (동교동),우리식품,37.5547955,126.932258,20011227 , ,
서울특별시,마포구,20011120 ,,영업/정상,정상영업,,,,, ,04071,서울특별시 마포구 양화진길 5  (합정동),(주)합정마트,37.5482465,126.913168,20011120 , ,
서울특별시,마포구,20010910 ,,영업/정상,정상영업,,,,,,04031,서울특별시 마포구 월드컵북로1길 18 (서교동.승원빌딩1층),(주)코리아세븐 홍대서교점,37.5550452,126.920186,20010910 ,제7조의3제2항에따른경우,
서울특별시,마포구,20010817 ,,영업/정상,정상영업,,,,,23626020,04198,서울특별시 마포구 손기정로 25 (아현동),제일슈퍼,37.5570981,126.961502,20010817 , ,
서울특별시,마포구,20010721 ,,영업/정상,정상영업,,,,,23025709,03935,서울특별시 마포구 월드컵북로 262. 1층 106호 (성산동),새한양슈퍼,37.5719329,126.901884,20010721 , ,
서울특별시,마포구,20010511 ,,영업/정상,정상영업,,,,,02 3060715,03901,서울특별시 마포구 월드컵로 235  (성산동),터사랑,37.5651596,126.89847,20010511 , ,
서울특별시,마포구,20010419 ,,영업/정상,정상영업,,,,,02766 2711,03968,서울특별시 마포구 성미산로 23  (성산동),세븐일레븐 성산점,37.5586869,126.910843,20010419 , ,
서울특별시,마포구,20010328 ,,영업/정상,정상영업,,,,, ,03962,서울특별시 마포구 월드컵로 161  (망원동),세븐일레븐 망원2호점,37.5619258,126.904377,20010328 , ,
서울특별시,마포구,20010302 ,,영업/정상,정상영업,,,,,02766 2711,04048,서울특별시 마포구 독막로7길 16  (서교동),세븐일레븐 서교2호점,37.5485248,126.91895,20010302 , ,
서울특별시,마포구,20010302 ,,영업/정상,정상영업,,,,,02374 2739,0,서울특별시 마포구 중동 40번지 12  호 성산2차현대(아)단지내  ,성산현대마트,37.5703942,126.90856,20010302 , ,
서울특별시,마포구,19980223 ,,영업/정상,정상영업,,,,, ,04172,서울특별시 마포구 도화2길 2  (도화동),LG25마포도화점,37.5403263,126.948583,19980223 , ,
서울특별시,마포구,19900101 ,,영업/정상,정상영업,,,,,02 7122073,04190,서울특별시 마포구 임정로17길 3  (신공덕동),대중상회,37.5439045,126.957343,19900101 , ,
서울특별시,마포구,19980514 ,,영업/정상,정상영업,,,,,02 7170084,04211,서울특별시 마포구 마포대로8길 9  (공덕동),GS25 마포공덕점,37.5465954,126.953928,19980514 , ,
서울특별시,마포구,19981210 ,,영업/정상,정상영업,,,,,02 7146015,04185,서울특별시 마포구 효창목5길 9  (공덕동),삼우세탁소,37.5480863,126.960621,19981210 , ,
서울특별시,마포구,19981202 ,,영업/정상,정상영업,,,,,02 7167520,04183,서울특별시 마포구 만리재로18길 5  (공덕동),신일식품,37.5509046,126.962244,19981202 , ,
서울특별시,마포구,20000414 ,,영업/정상,정상영업,,,,,02 3929580,04117,서울특별시 마포구 아현동 267번지 9   호   ,버스카드충전소(가판점),37.5570461,126.957037,20000414 , ,
서울특별시,마포구,19940222 ,,영업/정상,정상영업,,,,,02 3129642,04116,서울특별시 마포구 굴레방로7길 12. 1층 (아현동),공주식품,37.5563642,126.954816,19940222 , ,
서울특별시,마포구,19990529 ,,영업/정상,정상영업,,,,,02 3931075,04206,서울특별시 마포구 마포대로 196  (아현동.고려아카데미텔1층41호),한양슈퍼,37.5513096,126.956166,19990529 , ,
서울특별시,마포구,19900101 ,,영업/정상,정상영업,,,,,02 3629982,04198,서울특별시 마포구 손기정로 49. 나호 (아현동),동원슈퍼,37.5563066,126.962481,19900101 , ,
서울특별시,마포구,19990109 ,,영업/정상,정상영업,,,,,02 3937992,04201,서울특별시 마포구 아현동 85번지 768 호,동네슈퍼,37.5549253,126.960135,19990109 , ,
서울특별시,마포구,19980305 ,,영업/정상,정상영업,,,,,02 3139719,04203,서울특별시 마포구 환일길 43 (아현동),환일상회,37.5544004,126.960993,19980305 , ,
서울특별시,마포구,19981028 ,,영업/정상,정상영업,,,,, ,04172,서울특별시 마포구 삼개로 17 (도화동),(주)코리아세븐 마포우성점,37.5387431,126.947671,19981028 ,제7조의3제2항에따른경우,
서울특별시,마포구,20001116 ,,영업/정상,정상영업,,,,,23932580,04203,서울특별시 마포구 환일길 39 (아현동),만나할인마트,37.5547073,126.960956,20001116 , ,
서울특별시,마포구,20000525 ,,영업/정상,정상영업,,,,,27162367,04156,서울특별시 마포구 독막로 331. 마스터즈타워빌딩 (도화동),타워식품,37.5429589,126.949366,20000525 , ,
서울특별시,마포구,20000122 ,,영업/정상,정상영업,,,,,23232558,04049,서울특별시 마포구 와우산로 63 (서교동),세븐일레븐 홍익대2호점,37.5502329,126.922865,20000122 , ,
서울특별시,마포구,20000703 ,,영업/정상,정상영업,,,,,27164812,04109,서울특별시 마포구 백범로2길 39 (노고산동),예산식품,37.553265,126.934992,20000703 , ,
서울특별시,마포구,20000304 ,,영업/정상,정상영업,,,,,02 3740034,03951,서울특별시 마포구 모래내로9길 24 (성산동),학생의집서점,37.5681652,126.911955,20000304 , ,
서울특별시,마포구,20001111 ,,영업/정상,정상영업,,,,,02 718 6 279,04169,서울특별시 마포구 도화4길 29  (도화동),형제상회,37.5406447,126.951464,20001111 , ,
서울특별시,마포구,19990226 ,,영업/정상,정상영업,,,,,27164804,04091,서울특별시 마포구 토정로 224 (신수동),장원사,37.5444623,126.93554,19990226 , ,
서울특별시,마포구,19990226 ,,영업/정상,정상영업,,,,,23387862,03981,서울특별시 마포구 동교로 270 (연남동),청아전기,37.5634975,126.925888,19990226 , ,
서울특별시,마포구,19990120 ,,영업/정상,정상영업,,,,,23375881,04074,서울특별시 마포구 독막로12길 3 (상수동),환희수퍼,37.547527,126.920185,19990120 , ,
서울특별시,마포구,19990831 ,,영업/정상,정상영업,,,,,23232558,03964,서울특별시 마포구 망원로 69 (망원동),세븐일레븐 망원점,37.5573708,126.904539,19990831 , ,
서울특별시,마포구,19981218 ,,영업/정상,정상영업,,,,,27147863,04158,서울특별시 마포구 마포대로 571. 구두수선대54 (도화동),가판점(가로매점),37.5458958,126.951506,19981218 , ,
서울특별시,마포구,19981121 ,,영업/정상,정상영업,,,,,27145010,04090,서울특별시 마포구 대흥로9안길 21 (신수동),서울식품(서울슈퍼),37.5456896,126.938047,19981121 , ,
서울특별시,마포구,19981110 ,,영업/정상,정상영업,,,,,27175852,04138,서울특별시 마포구 숭문4안길 2 (염리동),골목슈퍼,37.5475663,126.946079,19981110 , ,
서울특별시,마포구,19981016 ,,영업/정상,정상영업,,,,, ,03968,서울특별시 마포구 월드컵로26길 52 (성산동. 광성빌라),광성식품,37.5593084,126.91062,19981016 , ,
서울특별시,마포구,19980710 ,,영업/정상,정상영업,,,,,27123020,04171,서울특별시 마포구 도화4길 108 (도화동),금촌쌀슈퍼,37.5377781,126.950298,19980710 , ,
서울특별시,마포구,19980706 ,,영업/정상,정상영업,,,,, ,03901,서울특별시 마포구 월드컵로 235. 마포농수산물시장.마포구시설관리공단 (성산동),터사랑,37.5651596,126.89847,19980706 , ,
서울특별시,마포구,19980302 ,,영업/정상,정상영업,,,,, ,04047,서울특별시 마포구 독막로 43  (합정동),정아약국,37.5481148,126.918154,19980302 , ,
서울특별시,마포구,19980521 ,,영업/정상,정상영업,,,,,7180084,04173,서울특별시 마포구 삼개로 20 (도화동),S Mart,37.5384749,126.947196,19980521 , ,
서울특별시,마포구,19981030 ,,영업/정상,정상영업,,,,, ,04108,서울특별시 마포구 고산길 16 (노고산동),투다리 서강점,37.5534407,126.93809,19981030 , ,
서울특별시,마포구,19971022 ,,영업/정상,정상영업,,,,,27166308,04107,서울특별시 마포구 백범로 35. 서강대학교도서관 (신수동),서강대도서관매점,37.5514804,126.941751,19971022 , ,
서울특별시,마포구,19970604 ,,영업/정상,정상영업,,,,,23379477,03955,서울특별시 마포구 방울내로7길 37 (망원동),경서슈퍼,37.5613739,126.901515,19970604 , ,
서울특별시,마포구,19970328 ,,영업/정상,정상영업,,,,,23354959,04003,서울특별시 마포구 월드컵로10길 55 (서교동),서현슈퍼,37.555648,126.914486,19970328 , ,
서울특별시,마포구,19940405 ,,영업/정상,정상영업,,,,,7144161,04093,서울특별시 마포구 창전로 30  (구수동),우리식품,37.5450318,126.931753,19940405 , ,
서울특별시,마포구,19930726 ,,영업/정상,정상영업,,,,,23060808,03936,서울특별시 마포구 월드컵북로 233 (성산동. 성산시영아파트),성산,37.5689025,126.902733,19930726 , ,
서울특별시,마포구,19930701 ,,영업/정상,정상영업,,,,, ,04152,서울특별시 마포구 토정로31길 51  (용강동),대구슈퍼,37.5429476,126.943758,19930701 , ,
서울특별시,마포구,19901218 ,,영업/정상,정상영업,,,,,3242764,03966,서울특별시 마포구 성산로4길 46  (성산동),학교문구(성서문구),37.5634154,126.909263,19901218 , ,
서울특별시,마포구,19970919 ,,휴업,휴업처리,,20220705,20230131,20230201,02 712 3877,04094,서울특별시 마포구 서강로 114 (노고산동),GS25 신촌서강점,37.55289,126.93396,19970919 ,제7조의3제2항에따른경우,
